,Player,Mat,Inns,NO,Runs,HS,Ave,BF,SR,100,50,0,4s,6s,team,year,status
0,DJ Bravo,19,16,8,371,48,46.37,264,140.53,0,0,0,20,20,CSK,2012,R
1,F du Plessis,13,12,0,398,73,33.16,304,130.92,0,3,0,29,17,CSK,2012,R
2,MEK Hussey,8,8,0,261,56,32.62,236,110.59,0,2,0,28,8,CSK,2012,R
3,MS Dhoni,19,17,5,358,51*,29.83,278,128.77,0,1,0,26,9,CSK,2012,R
4,S Badrinath,15,9,2,196,57,28.0,181,108.28,0,1,0,23,2,CSK,2012,R
5,SK Raina,19,18,1,441,73,25.94,325,135.69,0,1,2,36,19,CSK,2012,R
6,M Vijay,14,14,1,336,113,25.84,267,125.84,1,0,2,39,10,CSK,2012,R
7,RA Jadeja,19,14,2,191,48,15.91,151,126.49,0,0,0,13,9,CSK,2012,R
8,JA Morkel,16,12,5,107,28,15.28,68,157.35,0,0,1,5,6,CSK,2012,R
9,R Ashwin,19,5,2,18,8,6.0,15,120.0,0,0,1,2,0,CSK,2012,R
10,WP Saha,4,1,0,6,6,6.0,14,42.85,0,0,0,0,0,CSK,2012,R
11,DE Bollinger,6,1,0,3,3,3.0,5,60.0,0,0,0,0,0,CSK,2012,R
12,S Anirudha,4,2,2,19,18*,0.0,7,271.42,0,0,0,1,2,CSK,2012,R
13,SB Jakati,15,2,2,7,6*,0.0,12,58.33,0,0,0,0,0,CSK,2012,R
14,KMDN Kulasekara,5,1,1,5,5*,0.0,3,166.66,0,0,0,1,0,CSK,2012,R
15,BW Hilfenhaus,9,0,0,0,0.0,0.0,0,0.0,0,0,0,0,0,CSK,2012,R
16,VY Mahesh,5,0,0,0,0.0,0.0,0,0.0,0,0,0,0,0,CSK,2012,R
0,JP Duminy,9,9,6,244,74,81.33,190,128.42,0,2,0,13,11,DC,2012,DQ
1,CL White,13,13,2,479,78,43.54,320,149.68,0,5,1,41,20,DC,2012,DQ
2,S Dhawan,15,15,1,569,84,40.64,439,129.61,0,5,0,58,18,DC,2012,DQ
3,DT Christian,7,7,2,145,39,29.0,118,122.88,0,0,0,8,6,DC,2012,DQ
4,DJ Harris,4,4,0,111,47,27.75,101,109.9,0,0,0,11,5,DC,2012,DQ
5,PA Reddy,5,4,1,73,42,24.33,59,123.72,0,0,0,6,2,DC,2012,DQ
6,KC Sangakkara,12,12,1,200,82,18.18,184,108.69,0,1,0,21,4,DC,2012,DQ
7,PA Patel,14,13,2,194,45,17.63,165,117.57,0,0,1,19,4,DC,2012,DQ
8,B Chipli,5,4,1,37,25*,12.33,35,105.71,0,0,0,3,2,DC,2012,DQ
9,AA Jhunjhunwala,5,3,1,24,19,12.0,26,92.3,0,0,0,1,1,DC,2012,DQ
10,A Ashish Reddy,9,5,1,35,10*,8.75,29,120.68,0,0,0,3,1,DC,2012,DQ
11,IR Jaggi,3,3,1,15,10*,7.5,21,71.42,0,0,0,0,0,DC,2012,DQ
12,Ankit Sharma,9,4,1,18,15,6.0,13,138.46,0,0,0,0,2,DC,2012,DQ
13,CA Lynn,1,1,0,6,6,6.0,9,66.66,0,0,0,1,0,DC,2012,DQ
14,A Mishra,14,5,2,16,8*,5.33,20,80.0,0,0,1,1,0,DC,2012,DQ
15,MS Gony,6,1,0,4,4,4.0,8,50.0,0,0,0,0,0,DC,2012,DQ
16,DW Steyn,12,6,1,19,7,3.8,21,90.47,0,0,0,0,1,DC,2012,DQ
17,DB Ravi Teja,2,2,0,4,4,2.0,4,100.0,0,0,1,1,0,DC,2012,DQ
18,V Pratap Singh,9,1,0,0,0,0.0,1,0.0,0,0,1,0,0,DC,2012,DQ
19,J Theron,2,1,1,7,7*,0.0,6,116.66,0,0,0,1,0,DC,2012,DQ
20,BB Samantray,1,1,1,2,2*,0.0,2,100.0,0,0,0,0,0,DC,2012,DQ
21,TP Sudhindra,3,1,1,0,0*,0.0,0,0.0,0,0,0,0,0,DC,2012,DQ
22,Anand Rajan,4,0,0,0,0.0,0.0,0,0.0,0,0,0,0,0,DC,2012,DQ
23,T Mishra,1,0,0,0,0.0,0.0,0,0.0,0,0,0,0,0,DC,2012,DQ
0,KP Pietersen,8,8,3,305,103*,61.0,207,147.34,1,1,0,22,20,DD,2012,Q
1,DA Warner,8,8,1,256,109*,36.57,156,164.1,1,1,0,28,14,DD,2012,Q
2,V Sehwag,16,16,1,495,87*,33.0,307,161.23,0,5,1,57,19,DD,2012,Q
3,Y Nagar,13,8,3,153,44*,30.6,133,115.03,0,0,1,13,3,DD,2012,Q
4,DPMD Jayawardene,16,15,3,335,56*,27.91,298,112.41,0,3,1,39,3,DD,2012,Q
5,AJ Finch,2,2,0,55,30,27.5,51,107.84,0,0,0,8,0,DD,2012,Q
6,IK Pathan,17,12,5,176,42*,25.14,126,139.68,0,0,1,14,6,DD,2012,Q
7,AD Russell,4,2,0,47,31,23.5,26,180.76,0,0,0,3,3,DD,2012,Q
8,NV Ojha,18,16,5,255,64*,23.18,224,113.83,0,1,0,21,13,DD,2012,Q
9,Y Venugopal Rao,10,7,1,132,36,22.0,126,104.76,0,0,0,8,5,DD,2012,Q
10,LRPL Taylor,12,12,2,197,55,19.7,171,115.2,0,1,1,12,7,DD,2012,Q
11,UBT Chand,2,2,0,36,18,18.0,34,105.88,0,0,0,2,3,DD,2012,Q
12,P Negi,8,4,2,36,14,18.0,29,124.13,0,0,0,4,1,DD,2012,Q
13,GJ Maxwell,2,2,1,6,3*,6.0,11,54.54,0,0,0,0,0,DD,2012,Q
14,M Morkel,16,4,2,3,2*,1.5,5,60.0,0,0,2,0,0,DD,2012,Q
15,UT Yadav,17,3,1,2,1*,1.0,7,28.57,0,0,1,0,0,DD,2012,Q
16,VR Aaron,8,2,0,1,1,0.5,3,33.33,0,0,1,0,0,DD,2012,Q
17,Sunny Gupta,1,1,0,0,0,0.0,1,0.0,0,0,1,0,0,DD,2012,Q
18,DAJ Bracewell,1,1,1,12,12*,0.0,9,133.33,0,0,0,1,0,DD,2012,Q
19,AB Agarkar,4,1,1,0,0*,0.0,0,0.0,0,0,0,0,0,DD,2012,Q
20,S Nadeem,12,1,1,0,0*,0.0,2,0.0,0,0,0,0,0,DD,2012,Q
21,RE van der Merwe,3,0,0,0,0.0,0.0,0,0.0,0,0,0,0,0,DD,2012,Q
0,DB Das,15,10,7,126,35*,42.0,93,135.48,0,0,0,9,6,KKR,2012,W
1,G Gambhir,17,17,1,590,93,36.87,411,143.55,0,6,2,64,17,KKR,2012,W
2,MS Bisla,7,7,0,213,89,30.42,160,133.12,0,1,0,16,10,KKR,2012,W
3,MK Tiwary,16,15,5,260,59,26.0,246,105.69,0,1,1,21,3,KKR,2012,W
4,JH Kallis,17,17,1,409,79,25.56,384,106.51,0,2,1,34,10,KKR,2012,W
5,BB McCullum,12,12,0,289,56,24.08,283,102.12,0,1,0,37,3,KKR,2012,W
6,B Lee,10,3,1,42,25,21.0,20,210.0,0,0,0,2,4,KKR,2012,W
7,YK Pathan,17,16,6,194,40*,19.4,169,114.79,0,0,2,10,7,KKR,2012,W
8,Shakib Al Hasan,8,7,1,91,42,15.16,74,122.97,0,0,0,6,3,KKR,2012,W
9,LR Shukla,11,8,2,75,26,12.5,57,131.57,0,0,1,4,5,KKR,2012,W
10,R Bhatia,17,6,3,35,12,11.66,28,125.0,0,0,0,4,0,KKR,2012,W
11,RN ten Doeschate,3,3,1,21,11,10.5,21,100.0,0,0,0,1,1,KKR,2012,W
12,SP Narine,15,2,1,9,9*,9.0,7,128.57,0,0,1,2,0,KKR,2012,W
13,Iqbal Abdulla,9,2,2,2,1*,0.0,3,66.66,0,0,0,0,0,KKR,2012,W
14,L Balaji,8,0,0,0,0.0,0.0,0,0.0,0,0,0,0,0,KKR,2012,W
15,M de Lange,3,0,0,0,0.0,0.0,0,0.0,0,0,0,0,0,KKR,2012,W
16,PJ Sangwan,1,0,0,0,0.0,0.0,0,0.0,0,0,0,0,0,KKR,2012,W
17,JD Unadkat,1,0,0,0,0.0,0.0,0,0.0,0,0,0,0,0,KKR,2012,W
0,AC Gilchrist,7,7,2,172,64*,34.4,143,120.27,0,1,0,21,4,KP,2012,DQ
1,DJ Hussey,16,15,3,396,68*,33.0,305,129.83,0,2,0,28,17,KP,2012,DQ
2,DA Miller,6,6,3,98,34*,32.66,75,130.66,0,0,0,6,4,KP,2012,DQ
3,SE Marsh,13,13,2,336,68*,30.54,280,120.0,0,2,0,39,7,KP,2012,DQ
4,Gurkeerat Singh,5,4,1,86,29*,28.66,52,165.38,0,0,0,12,2,KP,2012,DQ
5,Mandeep Singh,16,16,0,432,75,27.0,342,126.31,0,2,1,53,7,KP,2012,DQ
6,Bipul Sharma,5,4,1,72,35*,24.0,47,153.19,0,0,0,6,3,KP,2012,DQ
7,Azhar Mahmood,11,10,2,186,36,23.25,142,130.98,0,0,0,16,8,KP,2012,DQ
8,SD Chitnis,6,4,1,66,38,22.0,62,106.45,0,0,0,7,1,KP,2012,DQ
9,RJ Harris,5,2,1,18,15*,18.0,11,163.63,0,0,0,1,1,KP,2012,DQ
10,AM Nayar,4,4,1,45,24,15.0,49,91.83,0,0,0,2,1,KP,2012,DQ
11,Harmeet Singh,7,2,1,15,14,15.0,7,214.28,0,0,0,3,0,KP,2012,DQ
12,N Saini,10,10,0,140,50,14.0,141,99.29,0,1,0,16,0,KP,2012,DQ
13,JP Faulkner,2,2,1,14,11*,14.0,13,107.69,0,0,0,0,0,KP,2012,DQ
14,PP Chawla,16,12,4,106,21*,13.25,88,120.45,0,0,1,9,4,KP,2012,DQ
15,P Kumar,16,7,4,35,10,11.66,30,116.66,0,0,1,2,1,KP,2012,DQ
16,P Dogra,3,3,1,15,6,7.5,24,62.5,0,0,0,0,0,KP,2012,DQ
17,PC Valthaty,6,6,0,30,13,5.0,51,58.82,0,0,1,4,0,KP,2012,DQ
18,AD Mascarenhas,4,3,0,14,9,4.66,16,87.5,0,0,1,1,0,KP,2012,DQ
19,BA Bhatt,5,1,1,6,6*,0.0,2,300.0,0,0,0,0,1,KP,2012,DQ
20,P Awana,12,2,2,4,4*,0.0,5,80.0,0,0,0,0,0,KP,2012,DQ
21,RR Powar,1,0,0,0,0.0,0.0,0,0.0,0,0,0,0,0,KP,2012,DQ
0,HH Gibbs,3,3,1,81,66*,40.5,88,92.04,0,1,0,8,2,MI,2012,Q
1,DR Smith,7,6,2,157,87*,39.25,98,160.2,0,1,1,18,7,MI,2012,Q
2,AT Rayudu,17,15,6,333,81*,37.0,252,132.14,0,2,1,21,14,MI,2012,Q
3,RG Sharma,17,16,2,433,109*,30.92,342,126.6,1,3,2,39,18,MI,2012,Q
4,SR Tendulkar,13,13,2,324,74,29.45,283,114.48,0,2,1,39,4,MI,2012,Q
5,JEC Franklin,12,11,2,220,79,24.44,223,98.65,0,1,0,15,6,MI,2012,Q
6,KA Pollard,14,11,2,220,64,24.44,159,138.36,0,2,0,15,14,MI,2012,Q
7,KD Karthik,17,14,1,238,44,18.3,213,111.73,0,0,1,30,2,MI,2012,Q
8,RE Levi,6,6,0,83,50,13.83,73,113.69,0,1,2,10,4,MI,2012,Q
9,Harbhajan Singh,17,11,2,108,33,12.0,80,135.0,0,0,3,14,3,MI,2012,Q
10,RJ Peterson,5,5,2,32,16*,10.66,30,106.66,0,0,1,3,1,MI,2012,Q
11,SL Malinga,14,6,0,55,17,9.16,53,103.77,0,0,1,4,3,MI,2012,Q
12,CJ McKay,2,1,0,8,8,8.0,15,53.33,0,0,0,0,0,MI,2012,Q
13,TL Suman,2,2,0,15,10,7.5,19,78.94,0,0,0,1,1,MI,2012,Q
14,NLTC Perera,2,2,1,4,4*,4.0,9,44.44,0,0,1,0,0,MI,2012,Q
15,RP Singh,11,5,3,6,3,3.0,12,50.0,0,0,1,0,0,MI,2012,Q
16,PP Ojha,9,3,1,4,3,2.0,14,28.57,0,0,0,0,0,MI,2012,Q
17,AC Blizzard,1,1,0,0,0,0.0,3,0.0,0,0,1,0,0,MI,2012,Q
18,DJ Jacobs,1,1,0,0,0,0.0,10,0.0,0,0,1,0,0,MI,2012,Q
19,SA Yadav,1,1,0,0,0,0.0,4,0.0,0,0,1,0,0,MI,2012,Q
20,DS Kulkarni,2,1,1,10,10*,0.0,5,200.0,0,0,0,2,0,MI,2012,Q
21,MM Patel,12,3,3,2,1*,0.0,7,28.57,0,0,0,0,0,MI,2012,Q
22,AN Ahmed,1,0,0,0,0.0,0.0,0,0.0,0,0,0,0,0,MI,2012,Q
23,R Shukla,1,0,0,0,0.0,0.0,0,0.0,0,0,0,0,0,MI,2012,Q
0,SPD Smith,15,14,5,362,47*,40.22,267,135.58,0,0,0,24,14,PW,2012,DQ
1,M Manhas,10,7,3,120,42*,30.0,96,125.0,0,0,0,10,4,PW,2012,DQ
2,RV Uthappa,16,16,1,405,69,27.0,343,118.07,0,2,0,38,10,PW,2012,DQ
3,JD Ryder,11,11,1,256,86,25.6,212,120.75,0,2,1,23,8,PW,2012,DQ
4,AP Majumdar,4,4,0,87,31,21.75,76,114.47,0,0,0,7,2,PW,2012,DQ
5,MK Pandey,10,9,2,143,80*,20.42,112,127.67,0,1,4,12,6,PW,2012,DQ
6,AD Mathews,9,8,1,127,35,18.14,108,117.59,0,0,0,5,4,PW,2012,DQ
7,SC Ganguly,15,15,0,268,45,17.86,271,98.89,0,0,0,30,4,PW,2012,DQ
8,MN Samuels,8,8,1,124,46,17.71,123,100.81,0,0,0,7,5,PW,2012,DQ
9,MJ Clarke,6,6,0,98,41,16.33,94,104.25,0,0,0,12,0,PW,2012,DQ
10,B Kumar,11,9,6,40,11*,13.33,40,100.0,0,0,0,4,0,PW,2012,DQ
11,CJ Ferguson,4,4,0,50,23,12.5,63,79.36,0,0,0,3,0,PW,2012,DQ
12,AC Thomas,4,2,0,19,12,9.5,15,126.66,0,0,0,1,1,PW,2012,DQ
13,Harpreet Singh,1,1,0,6,6,6.0,6,100.0,0,0,0,0,0,PW,2012,DQ
14,WD Parnell,6,5,1,19,11,4.75,27,70.37,0,0,0,2,0,PW,2012,DQ
15,MD Mishra,1,1,0,4,4,4.0,4,100.0,0,0,0,1,0,PW,2012,DQ
16,AB Dinda,7,1,0,2,2,2.0,5,40.0,0,0,0,0,0,PW,2012,DQ
17,R Sharma,11,5,1,2,2,0.5,11,18.18,0,0,3,0,0,PW,2012,DQ
18,M Kartik,11,4,4,26,14*,0.0,21,123.8,0,0,0,1,1,PW,2012,DQ
19,A Nehra,13,2,2,11,9*,0.0,12,91.66,0,0,0,1,0,PW,2012,DQ
20,K Upadhyay,1,1,1,11,11*,0.0,8,137.5,0,0,0,0,1,PW,2012,DQ
21,AG Murtaza,1,1,1,3,3*,0.0,5,60.0,0,0,0,0,0,PW,2012,DQ
22,LJ Wright,1,0,0,0,0.0,0.0,0,0.0,0,0,0,0,0,PW,2012,DQ
0,CH Gayle,15,14,2,733,128*,61.08,456,160.74,1,7,0,46,59,RCB,2012,DQ
1,AB de Villiers,16,13,5,319,64*,39.87,198,161.11,0,3,1,26,15,RCB,2012,DQ
2,TM Dilshan,10,9,1,285,76*,35.62,261,109.19,0,3,0,33,5,RCB,2012,DQ
3,V Kohli,16,15,2,364,73*,28.0,326,111.65,0,2,0,33,9,RCB,2012,DQ
4,SS Tiwary,15,11,3,191,36*,23.87,170,112.35,0,0,0,9,8,RCB,2012,DQ
5,AB McDonald,4,3,1,47,30,23.5,35,134.28,0,0,0,6,2,RCB,2012,DQ
6,MA Agarwal,16,12,1,225,64*,20.45,158,142.4,0,1,0,19,15,RCB,2012,DQ
7,M Kaif,1,1,0,14,14,14.0,16,87.5,0,0,0,1,0,RCB,2012,DQ
8,R Vinay Kumar,15,7,2,68,25,13.6,62,109.67,0,0,0,3,2,RCB,2012,DQ
9,DL Vettori,9,6,2,31,20,7.75,26,119.23,0,0,0,3,1,RCB,2012,DQ
10,HV Patel,12,3,1,15,10,7.5,15,100.0,0,0,1,1,0,RCB,2012,DQ
11,Z Khan,16,5,3,12,11*,6.0,17,70.58,0,0,2,1,0,RCB,2012,DQ
12,AUK Pathan,2,2,1,6,4,6.0,7,85.71,0,0,0,0,0,RCB,2012,DQ
13,CA Pujara,3,3,0,17,11,5.66,22,77.27,0,0,1,1,1,RCB,2012,DQ
14,M Muralitharan,10,2,0,6,6,3.0,9,66.66,0,0,1,0,0,RCB,2012,DQ
15,RR Bhatkal,1,1,0,0,0,0.0,2,0.0,0,0,1,0,0,RCB,2012,DQ
16,S Aravind,1,1,1,14,14*,0.0,8,175.0,0,0,0,3,0,RCB,2012,DQ
17,J Syed Mohammad,2,1,1,4,4*,0.0,1,400.0,0,0,0,1,0,RCB,2012,DQ
18,P Parameswaran,3,1,1,0,0*,0.0,1,0.0,0,0,0,0,0,RCB,2012,DQ
19,KP Appanna,7,0,0,0,0.0,0.0,0,0.0,0,0,0,0,0,RCB,2012,DQ
20,KB Arun Karthik,1,0,0,0,0.0,0.0,0,0.0,0,0,0,0,0,RCB,2012,DQ
21,A Mithun,1,0,0,0,0.0,0.0,0,0.0,0,0,0,0,0,RCB,2012,DQ
0,SR Watson,7,7,1,255,90*,42.5,168,151.78,0,2,0,26,14,RR,2012,DQ
1,AM Rahane,16,16,2,560,103*,40.0,433,129.33,1,3,2,73,10,RR,2012,DQ
2,OA Shah,13,13,4,340,76,37.77,256,132.81,0,3,0,24,16,RR,2012,DQ
3,BJ Hodge,12,12,4,245,48*,30.62,175,140.0,0,0,0,18,9,RR,2012,DQ
4,R Dravid,16,16,0,462,58,28.87,412,112.13,0,2,0,63,4,RR,2012,DQ
5,DH Yagnik,5,3,2,25,10*,25.0,13,192.3,0,0,0,5,0,RR,2012,DQ
6,STR Binny,8,6,2,90,30,22.5,67,134.32,0,0,1,9,3,RR,2012,DQ
7,AL Menaria,15,12,1,220,40,20.0,202,108.91,0,0,1,14,8,RR,2012,DQ
8,KK Cooper,6,4,2,38,14,19.0,20,190.0,0,0,0,3,3,RR,2012,DQ
9,J Botha,11,7,3,58,14*,14.5,54,107.4,0,0,0,4,1,RR,2012,DQ
10,SP Goswami,11,6,1,69,24,13.8,67,102.98,0,0,1,4,1,RR,2012,DQ
11,AA Chavan,8,2,1,11,7*,11.0,8,137.5,0,0,0,2,0,RR,2012,DQ
12,GB Hogg,9,3,1,15,13,7.5,16,93.75,0,0,0,1,0,RR,2012,DQ
13,A Singh,9,1,0,0,0,0.0,3,0.0,0,0,1,0,0,RR,2012,DQ
14,SK Trivedi,14,1,1,5,5*,0.0,6,83.33,0,0,0,0,0,RR,2012,DQ
15,A Chandila,4,1,1,0,0*,0.0,1,0.0,0,0,0,0,0,RR,2012,DQ
16,Pankaj Singh,6,0,0,0,0.0,0.0,0,0.0,0,0,0,0,0,RR,2012,DQ
17,SW Tait,6,0,0,0,0.0,0.0,0,0.0,0,0,0,0,0,RR,2012,DQ
0,MEK Hussey,17,17,3,733,95,52.35,566,129.5,0,6,0,81,17,CSK,2013,R
1,SK Raina,18,17,4,548,100*,42.15,365,150.13,1,4,3,50,18,CSK,2013,R
2,MS Dhoni,18,16,5,461,67*,41.9,283,162.89,0,4,0,32,25,CSK,2013,R
3,RA Jadeja,18,14,6,201,38*,25.12,135,148.88,0,0,2,17,6,CSK,2013,R
4,WP Saha,3,3,0,70,39,23.33,56,125.0,0,0,0,6,4,CSK,2013,R
5,M Vijay,15,15,1,312,55,22.28,286,109.09,0,2,0,27,8,CSK,2013,R
6,S Badrinath,18,8,1,124,34,17.71,121,102.47,0,0,2,11,0,CSK,2013,R
7,JA Morkel,8,3,0,46,23,15.33,37,124.32,0,0,0,2,3,CSK,2013,R
8,DJ Bravo,18,12,4,121,23*,15.12,106,114.15,0,0,0,11,3,CSK,2013,R
9,R Ashwin,18,5,1,35,11*,8.75,49,71.42,0,0,0,4,0,CSK,2013,R
10,CH Morris,16,6,4,14,7*,7.0,16,87.5,0,0,1,0,0,CSK,2013,R
11,B Laughlin,2,2,1,4,4*,4.0,9,44.44,0,0,1,0,0,CSK,2013,R
12,S Anirudha,1,1,0,0,0,0.0,2,0.0,0,0,1,0,0,CSK,2013,R
13,MM Sharma,15,2,1,0,0*,0.0,5,0.0,0,0,1,0,0,CSK,2013,R
14,AS Rajpoot,2,1,1,2,2*,0.0,6,33.33,0,0,0,0,0,CSK,2013,R
15,DP Nannes,5,1,1,0,0*,0.0,0,0.0,0,0,0,0,0,CSK,2013,R
16,JO Holder,6,0,0,0,0.0,0.0,0,0.0,0,0,0,0,0,CSK,2013,R
0,UT Yadav,16,8,7,38,12*,38.0,38,100.0,0,0,0,3,1,DD,2013,DQ
1,BJ Rohrer,8,8,2,193,64*,32.16,140,137.85,0,1,0,21,5,DD,2013,DQ
2,DA Warner,16,16,3,410,77,31.53,323,126.93,0,4,2,41,14,DD,2013,DQ
3,V Sehwag,13,13,1,295,95*,24.58,233,126.6,0,1,1,41,6,DD,2013,DQ
4,DPMD Jayawardene,15,15,0,331,66,22.06,313,105.75,0,2,0,39,6,DD,2013,DQ
5,CM Gautam,3,3,1,44,30,22.0,34,129.41,0,0,0,4,1,DD,2013,DQ
6,KM Jadhav,12,10,3,152,31,21.71,124,122.58,0,0,1,8,5,DD,2013,DQ
7,MC Juneja,7,7,0,125,49,17.85,128,97.65,0,0,0,11,1,DD,2013,DQ
8,IK Pathan,15,13,5,142,24,17.75,152,93.42,0,0,0,9,3,DD,2013,DQ
9,UBT Chand,9,9,0,158,41,17.55,158,100.0,0,0,2,17,4,DD,2013,DQ
10,B Chipli,1,1,0,16,16,16.0,18,88.88,0,0,0,1,1,DD,2013,DQ
11,AB Agarkar,4,2,1,12,9*,12.0,16,75.0,0,0,0,0,0,DD,2013,DQ
12,M Morkel,10,6,1,57,23*,11.4,29,196.55,0,0,2,6,2,DD,2013,DQ
13,RE van der Merwe,3,2,0,22,14,11.0,25,88.0,0,0,0,2,0,DD,2013,DQ
14,NV Ojha,2,2,1,9,9,9.0,10,90.0,0,0,0,1,0,DD,2013,DQ
15,BMAJ Mendis,3,3,0,23,12,7.66,27,85.18,0,0,1,0,0,DD,2013,DQ
16,J Botha,6,6,0,43,23,7.16,52,82.69,0,0,0,5,1,DD,2013,DQ
17,AD Russell,3,2,0,11,7,5.5,14,78.57,0,0,0,0,0,DD,2013,DQ
18,S Nadeem,12,6,1,14,6,2.8,27,51.85,0,0,2,1,0,DD,2013,DQ
19,A Nehra,10,4,0,1,1,0.25,8,12.5,0,0,3,0,0,DD,2013,DQ
20,S Kaul,6,2,2,7,7*,0.0,9,77.77,0,0,0,0,0,DD,2013,DQ
21,P Negi,1,0,0,0,0.0,0.0,0,0.0,0,0,0,0,0,DD,2013,DQ
22,Y Venugopal Rao,1,0,0,0,0.0,0.0,0,0.0,0,0,0,0,0,DD,2013,DQ
0,YK Pathan,16,16,5,332,72,30.18,240,138.33,0,1,2,30,14,KKR,2013,DQ
1,RN ten Doeschate,4,4,1,85,42,28.33,63,134.92,0,0,0,9,2,KKR,2013,DQ
2,EJG Morgan,14,13,2,307,51,27.9,240,127.91,0,1,0,28,13,KKR,2013,DQ
3,G Gambhir,16,16,0,406,60,25.37,343,118.36,0,4,2,51,5,KKR,2013,DQ
4,S Narwal,2,1,0,23,23,23.0,15,153.33,0,0,0,4,0,KKR,2013,DQ
5,B Lee,3,2,1,21,16*,21.0,12,175.0,0,0,0,1,2,KKR,2013,DQ
6,JH Kallis,16,16,1,311,41,20.73,322,96.58,0,0,2,35,3,KKR,2013,DQ
7,MS Bisla,14,14,1,255,92,19.61,236,108.05,0,2,2,36,6,KKR,2013,DQ
8,MK Tiwary,10,9,1,146,33,18.25,140,104.28,0,0,1,12,1,KKR,2013,DQ
9,R Bhatia,15,10,4,99,26*,16.5,80,123.75,0,0,0,8,3,KKR,2013,DQ
10,DB Das,10,6,1,75,23,15.0,74,101.35,0,0,0,5,5,KKR,2013,DQ
11,SMSM Senanayake,8,4,3,10,7*,10.0,17,58.82,0,0,0,0,0,KKR,2013,DQ
12,L Balaji,13,3,2,9,9*,9.0,10,90.0,0,0,1,1,0,KKR,2013,DQ
13,SP Narine,16,6,3,21,13,7.0,19,110.52,0,0,0,0,2,KKR,2013,DQ
14,BB McCullum,1,1,0,6,6,6.0,7,85.71,0,0,0,1,0,KKR,2013,DQ
15,P Dogra,1,1,0,5,5,5.0,8,62.5,0,0,0,0,0,KKR,2013,DQ
16,Mohammed Shami,3,1,0,5,5,5.0,10,50.0,0,0,0,0,0,KKR,2013,DQ
17,R McLaren,2,2,0,3,2,1.5,6,50.0,0,0,0,0,0,KKR,2013,DQ
18,LR Shukla,4,2,0,3,2,1.5,12,25.0,0,0,0,0,0,KKR,2013,DQ
19,Iqbal Abdulla,5,2,2,8,6*,0.0,14,57.14,0,0,0,0,0,KKR,2013,DQ
20,PJ Sangwan,2,1,1,4,4*,0.0,2,200.0,0,0,0,1,0,KKR,2013,DQ
21,S Ladda,1,0,0,0,0.0,0.0,0,0.0,0,0,0,0,0,KKR,2013,DQ
0,DA Miller,12,12,5,418,101*,59.71,254,164.56,1,3,0,28,24,KP,2013,DQ
1,SE Marsh,8,8,0,300,77,37.5,249,120.48,0,3,0,39,4,KP,2013,DQ
2,LA Pomersbach,3,3,1,58,33*,29.0,59,98.3,0,0,0,5,1,KP,2013,DQ
3,AC Gilchrist,13,13,1,294,85*,24.5,229,128.38,0,1,1,41,6,KP,2013,DQ
4,DJ Hussey,12,11,1,235,41,23.5,209,112.44,0,0,0,20,6,KP,2013,DQ
5,R Sathish,9,8,3,109,27*,21.8,77,141.55,0,0,1,9,5,KP,2013,DQ
6,M Vohra,12,10,2,161,43*,20.12,117,137.6,0,0,1,22,2,KP,2013,DQ
7,Mandeep Singh,16,14,1,260,77*,20.0,223,116.59,0,1,2,36,0,KP,2013,DQ
8,Azhar Mahmood,11,10,0,196,80,19.6,154,127.27,0,2,2,22,5,KP,2013,DQ
9,Gurkeerat Singh,11,9,1,108,31,13.5,95,113.68,0,0,3,10,3,KP,2013,DQ
10,MS Gony,8,5,1,45,42,11.25,25,180.0,0,0,2,4,3,KP,2013,DQ
11,PP Chawla,16,11,5,64,23,10.66,57,112.28,0,0,1,5,3,KP,2013,DQ
12,P Kumar,15,7,1,47,24,7.83,39,120.51,0,0,1,3,3,KP,2013,DQ
13,PC Valthaty,1,1,0,6,6,6.0,17,35.29,0,0,0,0,0,KP,2013,DQ
14,Harmeet Singh,3,1,0,3,3,3.0,4,75.0,0,0,0,0,0,KP,2013,DQ
15,RJ Harris,3,2,1,2,2*,2.0,5,40.0,0,0,1,0,0,KP,2013,DQ
16,P Awana,14,5,3,1,1*,0.5,9,11.11,0,0,2,0,0,KP,2013,DQ
17,AD Mascarenhas,1,1,1,5,5*,0.0,5,100.0,0,0,0,0,0,KP,2013,DQ
18,Sandeep Sharma,4,1,1,0,0*,0.0,1,0.0,0,0,0,0,0,KP,2013,DQ
19,BA Bhatt,2,0,0,0,0.0,0.0,0,0.0,0,0,0,0,0,KP,2013,DQ
20,Bipul Sharma,1,0,0,0,0.0,0.0,0,0.0,0,0,0,0,0,KP,2013,DQ
21,MG Neser,1,0,0,0,0.0,0.0,0,0.0,0,0,0,0,0,KP,2013,DQ
0,KA Pollard,18,18,8,420,66*,42.0,281,149.46,0,3,0,27,29,MI,2013,W
1,RG Sharma,19,19,5,538,79*,38.42,409,131.54,0,4,0,35,28,MI,2013,W
2,DR Smith,13,13,0,418,68,32.15,341,122.58,0,4,1,40,19,MI,2013,W
3,KD Karthik,19,19,1,510,86,28.33,411,124.08,0,2,2,54,14,MI,2013,W
4,AP Tare,5,5,0,123,59,24.6,84,146.42,0,1,1,14,5,MI,2013,W
5,SR Tendulkar,14,14,1,287,54,22.07,231,124.24,0,1,1,38,5,MI,2013,W
6,Harbhajan Singh,19,14,8,116,25*,19.33,79,146.83,0,0,2,12,5,MI,2013,W
7,AT Rayudu,19,17,3,265,37,18.92,231,114.71,0,0,2,22,4,MI,2013,W
8,GJ Maxwell,3,3,1,36,23,18.0,27,133.33,0,0,1,1,4,MI,2013,W
9,RT Ponting,6,5,0,52,28,10.4,75,69.33,0,0,1,3,1,MI,2013,W
10,MG Johnson,17,6,2,39,11,9.75,36,108.33,0,0,0,2,2,MI,2013,W
11,NM Coulter-Nile,1,1,0,9,9,9.0,6,150.0,0,0,0,0,1,MI,2013,W
12,R Dhawan,6,4,1,21,14,7.0,21,100.0,0,0,1,3,0,MI,2013,W
13,SL Malinga,17,6,2,9,7,2.25,18,50.0,0,0,2,1,0,MI,2013,W
14,PP Ojha,16,3,2,2,1*,2.0,4,50.0,0,0,1,0,0,MI,2013,W
15,MM Patel,4,1,1,0,0*,0.0,0,0.0,0,0,0,0,0,MI,2013,W
16,AN Ahmed,2,0,0,0,0.0,0.0,0,0.0,0,0,0,0,0,MI,2013,W
17,JJ Bumrah,2,0,0,0,0.0,0.0,0,0.0,0,0,0,0,0,MI,2013,W
18,YS Chahal,1,0,0,0,0.0,0.0,0,0.0,0,0,0,0,0,MI,2013,W
19,DS Kulkarni,6,0,0,0,0.0,0.0,0,0.0,0,0,0,0,0,MI,2013,W
20,JDP Oram,1,0,0,0,0.0,0.0,0,0.0,0,0,0,0,0,MI,2013,W
21,P Suyal,1,0,0,0,0.0,0.0,0,0.0,0,0,0,0,0,MI,2013,W
0,SPD Smith,7,7,3,159,41,39.75,132,120.45,0,0,0,15,4,PW,2013,DQ
1,AJ Finch,14,14,0,456,67,32.57,336,135.71,0,4,1,54,16,PW,2013,DQ
2,RV Uthappa,16,16,0,434,75,27.12,371,116.98,0,2,1,42,12,PW,2013,DQ
3,AD Mathews,11,10,3,172,40,24.57,139,123.74,0,0,1,5,10,PW,2013,DQ
4,MK Pandey,7,7,1,136,66,22.66,137,99.27,0,1,1,11,3,PW,2013,DQ
5,LJ Wright,6,6,1,106,44,21.2,60,176.66,0,0,0,16,3,PW,2013,DQ
6,MR Marsh,9,8,1,140,38,20.0,106,132.07,0,0,0,6,10,PW,2013,DQ
7,Yuvraj Singh,13,13,1,238,34,19.83,190,125.26,0,0,0,14,15,PW,2013,DQ
8,KW Richardson,3,2,0,34,26,17.0,36,94.44,0,0,0,2,1,PW,2013,DQ
9,LRPL Taylor,5,5,0,63,19,12.6,76,82.89,0,0,0,2,1,PW,2013,DQ
10,AM Nayar,11,9,3,66,25*,11.0,73,90.41,0,0,1,5,0,PW,2013,DQ
11,TL Suman,7,5,0,52,23,10.4,58,89.65,0,0,1,8,0,PW,2013,DQ
12,B Kumar,16,9,2,52,24*,7.42,71,73.23,0,0,1,3,1,PW,2013,DQ
13,UA Birla,2,1,0,7,7,7.0,14,50.0,0,0,0,1,0,PW,2013,DQ
14,AG Murtaza,3,1,0,5,5,5.0,4,125.0,0,0,0,1,0,PW,2013,DQ
15,WD Parnell,4,1,0,5,5,5.0,7,71.42,0,0,0,0,0,PW,2013,DQ
16,Parvez Rasool,2,2,1,5,4*,5.0,9,55.55,0,0,0,0,0,PW,2013,DQ
17,M Rawat,2,2,1,5,5,5.0,11,45.45,0,0,0,0,0,PW,2013,DQ
18,AB Dinda,13,5,3,9,6*,4.5,11,81.81,0,0,2,1,0,PW,2013,DQ
19,MN Samuels,2,2,0,8,5,4.0,18,44.44,0,0,0,1,0,PW,2013,DQ
20,R Sharma,11,6,2,11,10*,2.75,17,64.7,0,0,3,1,0,PW,2013,DQ
21,BAW Mendis,3,1,0,2,2,2.0,4,50.0,0,0,0,0,0,PW,2013,DQ
22,IC Pandey,2,1,0,0,0,0.0,2,0.0,0,0,1,0,0,PW,2013,DQ
23,M Manhas,3,2,2,13,11*,0.0,17,76.47,0,0,0,1,0,PW,2013,DQ
24,RV Gomez,2,1,1,4,4*,0.0,1,400.0,0,0,0,1,0,PW,2013,DQ
25,K Upadhyay,2,1,1,1,1*,0.0,1,100.0,0,0,0,0,0,PW,2013,DQ
0,R Vinay Kumar,16,5,4,70,26*,70.0,44,159.09,0,0,0,6,3,RCB,2013,DQ
1,CH Gayle,16,16,4,708,175*,59.0,453,156.29,1,4,0,57,51,RCB,2013,DQ
2,V Kohli,16,16,2,634,99,45.28,457,138.73,0,6,0,64,22,RCB,2013,DQ
3,MC Henriques,10,9,5,165,44,41.25,125,132.0,0,0,0,20,3,RCB,2013,DQ
4,AB de Villiers,14,14,4,360,64,36.0,219,164.38,0,2,0,34,16,RCB,2013,DQ
5,SS Tiwary,9,6,2,109,52,27.25,106,102.83,0,1,0,4,4,RCB,2013,DQ
6,CA Pujara,4,4,0,92,51,23.0,99,92.92,0,1,0,14,0,RCB,2013,DQ
7,A Mukund,1,1,0,19,19,19.0,21,90.47,0,0,0,1,0,RCB,2013,DQ
8,TM Dilshan,5,5,0,76,33,15.2,93,81.72,0,0,1,12,0,RCB,2013,DQ
9,KB Arun Karthik,12,5,2,41,19*,13.66,38,107.89,0,0,1,3,1,RCB,2013,DQ
10,MA Agarwal,5,5,0,67,29,13.4,62,108.06,0,0,0,6,3,RCB,2013,DQ
11,KL Rahul,5,2,0,20,12,10.0,16,125.0,0,0,0,4,0,RCB,2013,DQ
12,R Rampaul,10,6,2,38,23*,9.5,37,102.7,0,0,3,3,1,RCB,2013,DQ
13,J Syed Mohammad,4,2,0,10,9,5.0,13,76.92,0,0,0,1,0,RCB,2013,DQ
14,KK Nair,2,2,0,9,9,4.5,12,75.0,0,0,1,0,0,RCB,2013,DQ
15,DT Christian,2,2,0,6,4,3.0,15,40.0,0,0,0,0,0,RCB,2013,DQ
16,M Kartik,11,2,1,2,2*,2.0,3,66.66,0,0,1,0,0,RCB,2013,DQ
17,A Mithun,1,1,0,2,2,2.0,2,100.0,0,0,0,0,0,RCB,2013,DQ
18,AB McDonald,1,1,0,0,0,0.0,2,0.0,0,0,1,0,0,RCB,2013,DQ
19,JD Unadkat,13,2,2,2,1*,0.0,2,100.0,0,0,0,0,0,RCB,2013,DQ
20,Z Khan,2,0,0,0,0.0,0.0,0,0.0,0,0,0,0,0,RCB,2013,DQ
21,M Muralitharan,6,0,0,0,0.0,0.0,0,0.0,0,0,0,0,0,RCB,2013,DQ
22,RP Singh,11,0,0,0,0.0,0.0,0,0.0,0,0,0,0,0,RCB,2013,DQ
0,BJ Hodge,17,14,7,293,54*,41.85,218,134.4,0,1,0,27,9,RR,2013,Q
1,SR Watson,16,16,2,543,101,38.78,380,142.89,1,2,0,59,22,RR,2013,Q
2,AM Rahane,18,18,4,488,68*,34.85,458,106.55,0,4,0,42,11,RR,2013,Q
3,STR Binny,17,16,7,293,41*,32.55,199,147.23,0,0,1,25,12,RR,2013,Q
4,R Dravid,18,17,1,471,65,29.43,425,110.82,0,4,0,64,5,RR,2013,Q
5,SV Samson,11,10,2,206,63,25.75,178,115.73,0,1,2,19,5,RR,2013,Q
6,DH Yagnik,12,9,1,125,34,15.62,96,130.2,0,0,1,17,2,RR,2013,Q
7,OA Shah,2,2,0,25,24,12.5,23,108.69,0,0,0,2,0,RR,2013,Q
8,JP Faulkner,16,9,4,57,19*,11.4,57,100.0,0,0,0,5,2,RR,2013,Q
9,KK Cooper,14,5,1,39,26,9.75,22,177.27,0,0,1,4,2,RR,2013,Q
10,MDKJ Perera,2,2,0,14,14,7.0,13,107.69,0,0,1,3,0,RR,2013,Q
11,Sachin Baby,4,1,0,3,3,3.0,7,42.85,0,0,0,0,0,RR,2013,Q
12,SK Trivedi,17,2,1,3,3,3.0,7,42.85,0,0,0,0,0,RR,2013,Q
13,AL Menaria,1,1,0,1,1,1.0,2,50.0,0,0,0,0,0,RR,2013,Q
14,S Sreesanth,7,3,2,1,1*,1.0,4,25.0,0,0,1,0,0,RR,2013,Q
15,SW Tait,3,1,0,1,1,1.0,3,33.33,0,0,0,0,0,RR,2013,Q
16,A Chandila,8,1,1,4,4*,0.0,6,66.66,0,0,0,0,0,RR,2013,Q
17,PV Tambe,3,1,1,3,3*,0.0,6,50.0,0,0,0,0,0,RR,2013,Q
18,R Shukla,3,1,1,1,1*,0.0,2,50.0,0,0,0,0,0,RR,2013,Q
19,S Badree,1,0,0,0,0.0,0.0,0,0.0,0,0,0,0,0,RR,2013,Q
20,AA Chavan,3,0,0,0,0.0,0.0,0,0.0,0,0,0,0,0,RR,2013,Q
21,Harmeet Singh,1,0,0,0,0.0,0.0,0,0.0,0,0,0,0,0,RR,2013,Q
22,GB Hogg,1,0,0,0,0.0,0.0,0,0.0,0,0,0,0,0,RR,2013,Q
23,VS Malik,3,0,0,0,0.0,0.0,0,0.0,0,0,0,0,0,RR,2013,Q
0,S Dhawan,10,10,2,311,73*,38.87,253,122.92,0,3,1,37,5,SRH,2013,DQ
1,DJG Sammy,10,9,3,174,60,29.0,132,131.81,0,1,1,11,10,SRH,2013,DQ
2,DW Steyn,17,8,6,53,18*,26.5,36,147.22,0,0,1,5,2,SRH,2013,DQ
3,BB Samantray,8,7,2,123,55,24.6,111,110.81,0,1,1,13,2,SRH,2013,DQ
4,NLTC Perera,16,14,4,233,40,23.3,163,142.94,0,0,0,12,14,SRH,2013,DQ
5,PA Patel,13,13,0,294,61,22.61,255,115.29,0,1,0,37,4,SRH,2013,DQ
6,KV Sharma,13,7,3,85,39*,21.25,86,98.83,0,0,0,6,2,SRH,2013,DQ
7,A Ashish Reddy,12,10,4,125,36*,20.83,89,140.44,0,0,0,9,4,SRH,2013,DQ
8,CL White,13,13,1,209,52,17.41,191,109.42,0,1,2,18,7,SRH,2013,DQ
9,GH Vihari,17,17,3,241,46,17.21,278,86.69,0,0,0,17,1,SRH,2013,DQ
10,A Mishra,17,8,2,89,30,14.83,96,92.7,0,0,2,9,0,SRH,2013,DQ
11,DB Ravi Teja,2,2,1,14,10,14.0,17,82.35,0,0,0,0,0,SRH,2013,DQ
12,KC Sangakkara,9,9,0,120,28,13.33,136,88.23,0,0,0,13,0,SRH,2013,DQ
13,PA Reddy,7,7,0,91,27,13.0,101,90.09,0,0,0,9,0,SRH,2013,DQ
14,X Thalaivan Sargunam,1,1,0,10,10,10.0,17,58.82,0,0,0,0,0,SRH,2013,DQ
15,Q de Kock,3,3,0,6,4,2.0,15,40.0,0,0,1,1,0,SRH,2013,DQ
16,I Sharma,16,2,2,0,0*,0.0,0,0.0,0,0,0,0,0,SRH,2013,DQ
17,Anand Rajan,2,0,0,0,0.0,0.0,0,0.0,0,0,0,0,0,SRH,2013,DQ
18,Ankit Sharma,1,0,0,0,0.0,0.0,0,0.0,0,0,0,0,0,SRH,2013,DQ
0,MS Dhoni,16,15,10,371,57*,74.2,250,148.4,0,1,0,22,20,CSK,2014,Q
1,DJ Hussey,5,4,2,116,50*,58.0,94,123.4,0,1,0,8,6,CSK,2014,Q
2,SK Raina,16,16,3,523,87,40.23,359,145.68,0,5,0,51,19,CSK,2014,Q
3,DR Smith,16,16,0,566,79,35.37,416,136.05,0,5,0,50,34,CSK,2014,Q
4,BB McCullum,14,14,1,405,71*,31.15,333,121.62,0,3,0,32,19,CSK,2014,Q
5,RA Jadeja,16,10,5,146,36*,29.2,110,132.72,0,0,0,9,5,CSK,2014,Q
6,F du Plessis,15,12,1,303,54*,27.54,235,128.93,0,2,2,26,7,CSK,2014,Q
7,M Manhas,12,5,3,35,13*,17.5,23,152.17,0,0,0,3,1,CSK,2014,Q
8,R Ashwin,16,6,3,45,14,15.0,45,100.0,0,0,0,4,0,CSK,2014,Q
9,DJ Bravo,1,1,1,8,8*,0.0,3,266.66,0,0,0,0,1,CSK,2014,Q
10,MM Sharma,16,1,1,1,1*,0.0,3,33.33,0,0,0,0,0,CSK,2014,Q
11,BW Hilfenhaus,8,1,1,0,0*,0.0,0,0.0,0,0,0,0,0,CSK,2014,Q
12,S Badree,4,0,0,0,0.0,0.0,0,0.0,0,0,0,0,0,CSK,2014,Q
13,JW Hastings,1,0,0,0,0.0,0.0,0,0.0,0,0,0,0,0,CSK,2014,Q
14,P Negi,2,0,0,0,0.0,0.0,0,0.0,0,0,0,0,0,CSK,2014,Q
15,A Nehra,4,0,0,0,0.0,0.0,0,0.0,0,0,0,0,0,CSK,2014,Q
16,IC Pandey,13,0,0,0,0.0,0.0,0,0.0,0,0,0,0,0,CSK,2014,Q
17,V Shankar,1,0,0,0,0.0,0.0,0,0.0,0,0,0,0,0,CSK,2014,Q
0,JP Duminy,14,14,6,410,67*,51.25,305,134.42,0,2,0,22,20,DD,2014,DQ
1,MK Tiwary,8,8,3,152,61*,30.4,118,128.81,0,1,1,14,4,DD,2014,DQ
2,KM Jadhav,10,10,5,149,37,29.8,101,147.52,0,0,2,13,7,DD,2014,DQ
3,KP Pietersen,11,11,1,294,58,29.4,233,126.18,0,1,1,34,7,DD,2014,DQ
4,KD Karthik,14,14,0,325,69,23.21,258,125.96,0,3,1,28,11,DD,2014,DQ
5,Q de Kock,7,7,0,153,48,21.85,130,117.69,0,0,0,19,4,DD,2014,DQ
6,LRPL Taylor,4,4,1,59,43*,19.66,59,100.0,0,0,0,6,0,DD,2014,DQ
7,M Vijay,11,11,0,207,52,18.81,192,107.81,0,1,1,20,5,DD,2014,DQ
8,R Shukla,3,3,2,18,14,18.0,21,85.71,0,0,0,2,0,DD,2014,DQ
9,MA Agarwal,8,8,0,115,31,14.37,91,126.37,0,0,0,12,3,DD,2014,DQ
10,JDS Neesham,4,3,0,42,22,14.0,46,91.3,0,0,0,3,1,DD,2014,DQ
11,LR Shukla,5,3,0,31,21,10.33,38,81.57,0,0,1,2,1,DD,2014,DQ
12,Imran Tahir,6,2,0,8,4,4.0,10,80.0,0,0,0,2,0,DD,2014,DQ
13,S Nadeem,11,3,1,7,3*,3.5,19,36.84,0,0,0,0,0,DD,2014,DQ
14,WD Parnell,8,2,1,2,2,2.0,2,100.0,0,0,0,0,0,DD,2014,DQ
15,Mohammed Shami,12,4,2,3,1*,1.5,7,42.85,0,0,1,0,0,DD,2014,DQ
16,JD Unadkat,9,2,1,1,1*,1.0,6,16.66,0,0,1,0,0,DD,2014,DQ
17,S Kaul,5,1,1,2,2*,0.0,2,100.0,0,0,0,0,0,DD,2014,DQ
18,NM Coulter-Nile,2,1,1,0,0*,0.0,0,0.0,0,0,0,0,0,DD,2014,DQ
19,R Sharma,2,0,0,0,0.0,0.0,0,0.0,0,0,0,0,0,DD,2014,DQ
0,RV Uthappa,16,16,1,660,83*,44.0,479,137.78,0,5,1,74,18,KKR,2014,W
1,SA Yadav,16,10,5,164,34,32.8,117,140.17,0,0,0,16,5,KKR,2014,W
2,Shakib Al Hasan,13,11,4,227,60,32.42,152,149.34,0,1,1,22,7,KKR,2014,W
3,MK Pandey,16,16,3,401,94,30.84,340,117.94,0,2,1,35,10,KKR,2014,W
4,YK Pathan,15,12,3,268,72,29.77,165,162.42,0,1,2,15,20,KKR,2014,W
5,CA Lynn,2,2,0,58,45,29.0,49,118.36,0,0,0,5,3,KKR,2014,W
6,JH Kallis,8,7,1,151,72,25.16,129,117.05,0,1,1,13,4,KKR,2014,W
7,G Gambhir,16,16,1,335,69,22.33,293,114.33,0,3,3,36,4,KKR,2014,W
8,RN ten Doeschate,10,7,3,52,25*,13.0,33,157.57,0,0,2,3,4,KKR,2014,W
9,PP Chawla,11,5,2,31,17*,10.33,19,163.15,0,0,2,4,1,KKR,2014,W
10,SP Narine,16,5,3,10,6,5.0,14,71.42,0,0,1,0,0,KKR,2014,W
11,MS Bisla,1,1,0,3,3,3.0,9,33.33,0,0,0,0,0,KKR,2014,W
12,R Vinay Kumar,9,4,2,4,4,2.0,6,66.66,0,0,1,0,0,KKR,2014,W
13,UT Yadav,12,1,0,2,2,2.0,4,50.0,0,0,0,0,0,KKR,2014,W
14,AD Russell,2,2,0,2,1,1.0,8,25.0,0,0,0,0,0,KKR,2014,W
15,M Morkel,12,2,2,4,4*,0.0,3,133.33,0,0,0,0,0,KKR,2014,W
16,PJ Cummins,1,0,0,0,0.0,0.0,0,0.0,0,0,0,0,0,KKR,2014,W
0,DA Miller,16,16,6,446,66,44.6,299,149.16,0,3,0,34,21,KP,2014,R
1,R Dhawan,13,6,4,82,23*,41.0,75,109.33,0,0,0,8,1,KP,2014,R
2,M Vohra,8,8,0,324,67,40.5,233,139.05,0,1,0,27,16,KP,2014,R
3,SE Marsh,2,2,0,70,40,35.0,52,134.61,0,0,0,7,3,KP,2014,R
4,GJ Maxwell,16,16,0,552,95,34.5,294,187.75,0,4,2,48,36,KP,2014,R
5,WP Saha,17,13,2,362,115*,32.9,249,145.38,1,2,0,33,18,KP,2014,R
6,GJ Bailey,17,16,7,257,40*,28.55,190,135.26,0,0,0,19,10,KP,2014,R
7,V Sehwag,17,17,0,455,122,26.76,315,144.44,1,1,0,56,18,KP,2014,R
8,CA Pujara,6,6,1,125,40*,25.0,124,100.8,0,0,0,17,0,KP,2014,R
9,MG Johnson,14,8,5,56,16*,18.66,50,112.0,0,0,1,4,3,KP,2014,R
10,AR Patel,17,8,2,62,42*,10.33,60,103.33,0,0,0,6,1,KP,2014,R
11,Mandeep Singh,3,3,0,24,21,8.0,26,92.3,0,0,1,2,0,KP,2014,R
12,Shivam Sharma,4,2,1,5,4,5.0,3,166.66,0,0,0,1,0,KP,2014,R
13,L Balaji,9,2,1,1,1*,1.0,3,33.33,0,0,1,0,0,KP,2014,R
14,BE Hendricks,3,1,0,0,0,0.0,1,0.0,0,0,1,0,0,KP,2014,R
15,Sandeep Sharma,11,1,1,2,2*,0.0,5,40.0,0,0,0,0,0,KP,2014,R
16,Karanveer Singh,5,1,1,1,1*,0.0,1,100.0,0,0,0,0,0,KP,2014,R
17,P Awana,7,0,0,0,0.0,0.0,0,0.0,0,0,0,0,0,KP,2014,R
18,M Kartik,2,0,0,0,0.0,0.0,0,0.0,0,0,0,0,0,KP,2014,R
0,LMP Simmons,8,8,1,394,100*,56.28,291,135.39,1,3,0,43,14,MI,2014,Q
1,KA Pollard,15,15,7,273,78,34.12,203,134.48,0,1,1,15,15,MI,2014,Q
2,RG Sharma,15,15,2,390,59*,30.0,302,129.13,0,3,0,31,16,MI,2014,Q
3,CJ Anderson,12,11,2,265,95*,29.44,181,146.4,0,1,0,21,15,MI,2014,Q
4,AT Rayudu,15,14,0,361,68,25.78,287,125.78,0,2,0,31,8,MI,2014,Q
5,MEK Hussey,9,9,0,209,56,23.22,182,114.83,0,2,0,17,7,MI,2014,Q
6,CM Gautam,9,9,2,121,33,17.28,111,109.0,0,0,0,13,5,MI,2014,Q
7,AP Tare,15,12,4,126,24,15.75,98,128.57,0,0,1,16,3,MI,2014,Q
8,BR Dunk,3,3,0,40,20,13.33,35,114.28,0,0,0,7,0,MI,2014,Q
9,S Gopal,4,1,0,11,11,11.0,10,110.0,0,0,0,1,0,MI,2014,Q
10,Z Khan,6,4,3,8,7*,8.0,7,114.28,0,0,1,0,1,MI,2014,Q
11,Harbhajan Singh,14,7,2,28,10*,5.6,25,112.0,0,0,2,2,2,MI,2014,Q
12,PP Ojha,12,3,2,4,2,4.0,8,50.0,0,0,0,0,0,MI,2014,Q
13,SL Malinga,10,1,0,2,2,2.0,4,50.0,0,0,0,0,0,MI,2014,Q
14,M de Lange,1,1,0,1,1,1.0,2,50.0,0,0,0,0,0,MI,2014,Q
15,P Kumar,3,1,0,1,1,1.0,2,50.0,0,0,0,0,0,MI,2014,Q
16,JJ Bumrah,11,2,2,1,1*,0.0,3,33.33,0,0,0,0,0,MI,2014,Q
17,K Santokie,2,0,0,0,0.0,0.0,0,0.0,0,0,0,0,0,MI,2014,Q
18,P Suyal,1,0,0,0,0.0,0.0,0,0.0,0,0,0,0,0,MI,2014,Q
0,AB de Villiers,14,13,2,395,89*,35.9,249,158.63,0,3,1,26,24,RCB,2014,DQ
1,Yuvraj Singh,14,14,3,376,83,34.18,278,135.25,0,3,1,22,28,RCB,2014,DQ
2,V Kohli,14,14,1,359,73,27.61,294,122.1,0,2,3,23,16,RCB,2014,DQ
3,S Rana,9,7,4,73,19*,24.33,65,112.3,0,0,0,7,1,RCB,2014,DQ
4,CH Gayle,9,9,0,196,46,21.77,184,106.52,0,0,0,18,12,RCB,2014,DQ
5,YV Takawale,5,5,0,104,45,20.8,91,114.28,0,0,2,17,1,RCB,2014,DQ
6,PA Patel,12,12,2,205,57*,20.5,185,110.81,0,1,0,30,1,RCB,2014,DQ
7,JA Morkel,7,5,2,45,16,15.0,41,109.75,0,0,0,1,3,RCB,2014,DQ
8,VH Zol,3,2,0,29,16,14.5,26,111.53,0,0,0,3,1,RCB,2014,DQ
9,MA Starc,14,9,3,85,29,14.16,84,101.19,0,0,0,9,0,RCB,2014,DQ
10,RR Rossouw,3,3,0,39,24,13.0,41,95.12,0,0,0,2,2,RCB,2014,DQ
11,R Rampaul,2,1,0,13,13,13.0,13,100.0,0,0,0,0,1,RCB,2014,DQ
12,NJ Maddinson,2,2,0,16,12,8.0,14,114.28,0,0,0,3,0,RCB,2014,DQ
13,HV Patel,3,3,1,13,6,6.5,7,185.71,0,0,0,1,1,RCB,2014,DQ
14,AB Dinda,9,3,2,4,2*,4.0,12,33.33,0,0,1,0,0,RCB,2014,DQ
15,VR Aaron,10,3,3,35,17*,0.0,34,102.94,0,0,0,2,1,RCB,2014,DQ
16,AN Ahmed,4,1,1,4,4*,0.0,1,400.0,0,0,0,1,0,RCB,2014,DQ
17,YS Chahal,14,2,2,1,1*,0.0,1,100.0,0,0,0,0,0,RCB,2014,DQ
18,SB Jakati,1,0,0,0,0.0,0.0,0,0.0,0,0,0,0,0,RCB,2014,DQ
19,M Muralitharan,5,0,0,0,0.0,0.0,0,0.0,0,0,0,0,0,RCB,2014,DQ
0,JP Faulkner,13,12,8,181,41*,45.25,94,192.55,0,0,0,8,16,RR,2014,DQ
1,SPD Smith,10,7,3,147,48*,36.75,110,133.63,0,0,0,13,4,RR,2014,DQ
2,BJ Hodge,4,4,1,101,40,33.66,72,140.27,0,0,0,4,6,RR,2014,DQ
3,KK Nair,11,11,1,330,73*,33.0,232,142.24,0,3,0,38,9,RR,2014,DQ
4,AM Rahane,13,12,0,339,72,28.25,291,116.49,0,3,1,38,3,RR,2014,DQ
5,SV Samson,13,13,0,339,74,26.07,273,124.17,0,2,0,25,17,RR,2014,DQ
6,SR Watson,13,13,1,240,51,20.0,196,122.44,0,2,1,19,14,RR,2014,DQ
7,Ankit Sharma,3,2,0,34,30,17.0,30,113.33,0,0,0,4,1,RR,2014,DQ
8,R Tewatia,3,1,0,16,16,16.0,13,123.07,0,0,0,0,1,RR,2014,DQ
9,AM Nayar,5,4,1,43,23,14.33,47,91.48,0,0,0,5,1,RR,2014,DQ
10,R Bhatia,12,7,2,67,23,13.4,53,126.41,0,0,0,4,3,RR,2014,DQ
11,KK Cooper,5,5,2,39,32,13.0,26,150.0,0,0,0,2,3,RR,2014,DQ
12,STR Binny,13,12,2,123,48*,12.3,121,101.65,0,0,2,4,5,RR,2014,DQ
13,BCJ Cutting,1,1,0,8,8,8.0,6,133.33,0,0,0,0,1,RR,2014,DQ
14,TG Southee,3,1,0,4,4,4.0,4,100.0,0,0,0,1,0,RR,2014,DQ
15,PV Tambe,13,2,0,5,3,2.5,9,55.55,0,0,0,0,0,RR,2014,DQ
16,UBT Chand,1,1,0,2,2,2.0,9,22.22,0,0,0,0,0,RR,2014,DQ
17,KW Richardson,7,1,0,1,1,1.0,2,50.0,0,0,0,0,0,RR,2014,DQ
18,DS Kulkarni,8,2,2,35,28*,0.0,25,140.0,0,0,0,1,2,RR,2014,DQ
19,DH Yagnik,1,1,1,4,4*,0.0,6,66.66,0,0,0,0,0,RR,2014,DQ
20,VS Malik,1,1,1,1,1*,0.0,2,50.0,0,0,0,0,0,RR,2014,DQ
21,Iqbal Abdulla,1,0,0,0,0.0,0.0,0,0.0,0,0,0,0,0,RR,2014,DQ
0,DA Warner,14,14,3,528,90,48.0,375,140.8,0,6,1,39,24,SRH,2014,DQ
1,NV Ojha,11,10,4,232,79*,38.66,161,144.09,0,1,0,14,17,SRH,2014,DQ
2,S Dhawan,14,14,1,377,64*,29.0,319,118.18,0,2,0,49,7,SRH,2014,DQ
3,AJ Finch,13,13,2,309,88*,28.09,263,117.49,0,2,0,31,9,SRH,2014,DQ
4,IK Pathan,10,6,4,55,23*,27.5,54,101.85,0,0,0,5,0,SRH,2014,DQ
5,Y Venugopal Rao,7,5,2,71,27,23.66,63,112.69,0,0,0,8,0,SRH,2014,DQ
6,KL Rahul,11,8,0,166,46,20.75,164,101.21,0,0,0,12,3,SRH,2014,DQ
7,JO Holder,1,1,0,16,16,16.0,12,133.33,0,0,0,2,1,SRH,2014,DQ
8,DJG Sammy,10,9,2,108,29,15.42,91,118.68,0,0,1,4,8,SRH,2014,DQ
9,KV Sharma,14,8,4,42,17*,10.5,29,144.82,0,0,1,1,3,SRH,2014,DQ
10,DW Steyn,14,4,1,22,12,7.33,26,84.61,0,0,0,1,0,SRH,2014,DQ
11,MC Henriques,4,2,0,9,9,4.5,14,64.28,0,0,1,1,0,SRH,2014,DQ
12,A Mishra,10,2,1,4,4*,4.0,7,57.14,0,0,1,0,0,SRH,2014,DQ
13,S Anirudha,1,1,0,3,3,3.0,5,60.0,0,0,0,0,0,SRH,2014,DQ
14,B Kumar,14,2,1,1,1,1.0,4,25.0,0,0,0,0,0,SRH,2014,DQ
15,Parvez Rasool,3,1,1,0,0*,0.0,0,0.0,0,0,0,0,0,SRH,2014,DQ
16,I Sharma,3,0,0,0,0.0,0.0,0,0.0,0,0,0,0,0,SRH,2014,DQ
0,BB McCullum,14,14,1,436,100*,33.53,280,155.71,1,2,0,51,23,CSK,2015,R
1,MS Dhoni,17,17,5,372,53,31.0,305,121.96,0,1,1,27,17,CSK,2015,R
2,F du Plessis,17,15,2,380,55,29.23,304,125.0,0,1,0,37,5,CSK,2015,R
3,DR Smith,16,16,0,399,62,24.93,335,119.1,0,2,3,52,16,CSK,2015,R
4,SK Raina,17,17,2,374,62,24.93,305,122.62,0,2,1,31,16,CSK,2015,R
5,DJ Bravo,17,14,5,195,62*,21.66,148,131.75,0,1,1,22,5,CSK,2015,R
6,MEK Hussey,4,4,0,77,56,19.25,70,110.0,0,1,0,5,3,CSK,2015,R
7,RA Jadeja,17,12,5,132,24,18.85,126,104.76,0,0,1,7,3,CSK,2015,R
8,R Ashwin,14,6,3,52,23,17.33,32,162.5,0,0,0,6,1,CSK,2015,R
9,P Negi,10,9,1,116,36,14.5,73,158.9,0,0,0,10,5,CSK,2015,R
10,MM Sharma,16,6,3,28,21*,9.33,18,155.55,0,0,2,1,2,CSK,2015,R
11,A Nehra,16,4,3,1,1*,1.0,7,14.28,0,0,1,0,0,CSK,2015,R
12,RG More,2,1,1,2,2*,0.0,2,100.0,0,0,0,0,0,CSK,2015,R
13,IC Pandey,10,0,0,0,0.0,0.0,0,0.0,0,0,0,0,0,CSK,2015,R
0,JA Morkel,4,3,2,86,73*,86.0,65,132.3,0,1,0,9,2,DD,2015,DQ
1,JP Duminy,14,13,3,414,78*,41.4,315,131.42,0,4,0,27,20,DD,2015,DQ
2,Q de Kock,3,3,0,122,69,40.66,77,158.44,0,2,0,18,4,DD,2015,DQ
3,SS Iyer,14,14,1,439,83,33.76,342,128.36,0,4,2,41,21,DD,2015,DQ
4,MK Tiwary,5,3,1,57,32,28.5,56,101.78,0,0,0,8,1,DD,2015,DQ
5,MA Agarwal,10,10,1,213,68,23.66,177,120.33,0,2,1,23,7,DD,2015,DQ
6,KM Jadhav,14,12,4,189,63*,23.62,140,135.0,0,1,1,16,7,DD,2015,DQ
7,AD Mathews,11,10,3,144,28,20.57,104,138.46,0,0,1,12,6,DD,2015,DQ
8,Yuvraj Singh,14,13,0,248,57,19.07,210,118.09,0,2,1,23,10,DD,2015,DQ
9,NM Coulter-Nile,11,5,1,20,6,5.0,18,111.11,0,0,0,2,1,DD,2015,DQ
10,Imran Tahir,10,2,1,5,3*,5.0,6,83.33,0,0,0,0,0,DD,2015,DQ
11,A Mishra,12,4,2,8,4,4.0,12,66.66,0,0,0,0,0,DD,2015,DQ
12,CM Gautam,1,1,0,4,4,4.0,5,80.0,0,0,0,0,0,DD,2015,DQ
13,S Nadeem,4,1,0,2,2,2.0,7,28.57,0,0,0,0,0,DD,2015,DQ
14,DJ Muthuswami,6,2,1,1,1,1.0,3,33.33,0,0,0,0,0,DD,2015,DQ
15,SS Tiwary,7,6,6,109,28*,0.0,78,139.74,0,0,0,9,5,DD,2015,DQ
16,Z Khan,7,0,0,0,0.0,0.0,0,0.0,0,0,0,0,0,DD,2015,DQ
17,GS Sandhu,3,0,0,0,0.0,0.0,0,0.0,0,0,0,0,0,DD,2015,DQ
18,JD Unadkat,1,0,0,0,0.0,0.0,0,0.0,0,0,0,0,0,DD,2015,DQ
19,J Yadav,3,0,0,0,0.0,0.0,0,0.0,0,0,0,0,0,DD,2015,DQ
0,YK Pathan,13,12,5,312,52,44.57,231,135.06,0,1,0,29,12,KKR,2015,DQ
1,AD Russell,13,11,2,326,66,36.22,169,192.89,0,3,0,35,19,KKR,2015,DQ
2,RV Uthappa,13,13,1,364,80*,30.33,277,131.4,0,1,0,42,7,KKR,2015,DQ
3,UT Yadav,12,4,3,29,24*,29.0,14,207.14,0,0,1,5,1,KKR,2015,DQ
4,G Gambhir,13,13,0,327,60,25.15,278,117.62,0,3,1,41,4,KKR,2015,DQ
5,MK Pandey,13,12,1,225,40,20.45,184,122.28,0,0,1,22,7,KKR,2015,DQ
6,RN ten Doeschate,6,5,2,61,38*,20.33,45,135.55,0,0,1,4,3,KKR,2015,DQ
7,SA Yadav,13,13,4,157,46*,17.44,113,138.93,0,0,1,12,8,KKR,2015,DQ
8,PP Chawla,13,8,4,54,22,13.5,47,114.89,0,0,2,5,2,KKR,2015,DQ
9,Shakib Al Hasan,4,3,0,36,23,12.0,27,133.33,0,0,1,5,0,KKR,2015,DQ
10,J Botha,4,3,0,31,17,10.33,15,206.66,0,0,0,5,1,KKR,2015,DQ
11,GB Hogg,6,2,1,7,5,7.0,6,116.66,0,0,0,0,0,KKR,2015,DQ
12,Azhar Mahmood,1,1,0,6,6,6.0,7,85.71,0,0,0,1,0,KKR,2015,DQ
13,PJ Cummins,3,1,0,0,0,0.0,2,0.0,0,0,1,0,0,KKR,2015,DQ
14,M Morkel,7,1,1,4,4*,0.0,3,133.33,0,0,0,0,0,KKR,2015,DQ
15,SP Narine,8,1,1,0,0*,0.0,1,0.0,0,0,0,0,0,KKR,2015,DQ
16,KC Cariappa,1,0,0,0,0.0,0.0,0,0.0,0,0,0,0,0,KKR,2015,DQ
0,DA Miller,13,13,2,357,89*,32.45,266,134.21,0,2,0,21,21,KP,2015,DQ
1,GJ Bailey,13,13,2,259,61*,23.54,190,136.31,0,2,0,22,7,KP,2015,DQ
2,AR Patel,14,12,3,206,40*,22.88,174,118.39,0,0,1,13,8,KP,2015,DQ
3,M Vijay,11,11,0,251,39,22.81,228,110.08,0,0,1,27,8,KP,2015,DQ
4,SE Marsh,4,4,0,81,65,20.25,58,139.65,0,1,0,7,3,KP,2015,DQ
5,WP Saha,14,13,0,249,42,19.15,197,126.39,0,0,0,16,10,KP,2015,DQ
6,R Dhawan,5,5,3,36,25*,18.0,33,109.09,0,0,0,2,2,KP,2015,DQ
7,GJ Maxwell,11,11,0,145,43,13.18,112,129.46,0,0,0,13,8,KP,2015,DQ
8,V Sehwag,8,8,0,99,47,12.37,84,117.85,0,0,1,12,3,KP,2015,DQ
9,M Vohra,7,7,0,82,39,11.71,81,101.23,0,0,0,4,5,KP,2015,DQ
10,Karanveer Singh,4,3,2,11,5*,11.0,16,68.75,0,0,0,1,0,KP,2015,DQ
11,Sandeep Sharma,14,3,2,9,7,9.0,14,64.28,0,0,0,1,0,KP,2015,DQ
12,MG Johnson,9,8,4,31,13*,7.75,36,86.11,0,0,1,1,1,KP,2015,DQ
13,Gurkeerat Singh,5,5,0,35,15,7.0,39,89.74,0,0,0,3,1,KP,2015,DQ
14,Anureet Singh,14,6,3,18,10,6.0,31,58.06,0,0,2,0,1,KP,2015,DQ
15,NLTC Perera,2,2,0,12,9,6.0,15,80.0,0,0,0,0,1,KP,2015,DQ
16,SN Thakur,1,1,1,7,7*,0.0,6,116.66,0,0,0,1,0,KP,2015,DQ
17,BE Hendricks,4,2,2,1,1*,0.0,2,50.0,0,0,0,0,0,KP,2015,DQ
18,Shivam Sharma,1,0,0,0,0.0,0.0,0,0.0,0,0,0,0,0,KP,2015,DQ
0,J Suchith,13,6,5,48,34*,48.0,32,150.0,0,0,0,4,2,MI,2015,W
1,LMP Simmons,13,13,1,540,71,45.0,441,122.44,0,6,1,56,21,MI,2015,W
2,KA Pollard,16,14,3,419,70,38.09,256,163.67,0,2,0,28,28,MI,2015,W
3,CJ Anderson,4,4,1,114,55*,38.0,97,117.52,0,2,0,11,6,MI,2015,W
4,RG Sharma,16,16,2,482,98*,34.42,333,144.74,0,3,2,41,21,MI,2015,W
5,AT Rayudu,15,14,5,281,53*,31.22,193,145.59,0,1,2,18,16,MI,2015,W
6,PA Patel,14,14,1,339,59,26.07,246,137.8,0,2,2,47,5,MI,2015,W
7,HH Pandya,9,8,3,112,61*,22.4,62,180.64,0,1,2,9,8,MI,2015,W
8,UBT Chand,6,5,0,102,58,20.4,83,122.89,0,1,0,13,2,MI,2015,W
9,Harbhajan Singh,15,10,3,117,64,16.71,73,160.27,0,1,2,9,9,MI,2015,W
10,MJ McClenaghan,12,3,2,13,12*,13.0,6,216.66,0,0,1,0,2,MI,2015,W
11,AJ Finch,3,3,1,23,10*,11.5,33,69.69,0,0,0,4,0,MI,2015,W
12,AP Tare,2,2,0,14,7,7.0,17,82.35,0,0,0,1,0,MI,2015,W
13,R Vinay Kumar,13,3,2,0,0*,0.0,2,0.0,0,0,1,0,0,MI,2015,W
14,SL Malinga,15,1,1,6,6*,0.0,10,60.0,0,0,0,1,0,MI,2015,W
15,S Gopal,1,1,1,1,1*,0.0,1,100.0,0,0,0,0,0,MI,2015,W
16,JJ Bumrah,4,1,1,0,0*,0.0,0,0.0,0,0,0,0,0,MI,2015,W
17,M de Lange,1,0,0,0,0.0,0.0,0,0.0,0,0,0,0,0,MI,2015,W
18,PP Ojha,1,0,0,0,0.0,0.0,0,0.0,0,0,0,0,0,MI,2015,W
19,P Suyal,3,0,0,0,0.0,0.0,0,0.0,0,0,0,0,0,MI,2015,W
0,AB de Villiers,16,14,3,513,133*,46.63,293,175.08,1,2,1,60,22,RCB,2015,Q
1,V Kohli,16,16,5,505,82*,45.9,386,130.82,0,3,0,35,23,RCB,2015,Q
2,CH Gayle,14,14,2,491,117,40.91,333,147.44,1,2,0,39,38,RCB,2015,Q
3,D Wiese,14,7,3,122,47*,30.5,86,141.86,0,0,0,12,4,RCB,2015,Q
4,SN Khan,13,8,4,111,45*,27.75,71,156.33,0,0,0,12,2,RCB,2015,Q
5,Mandeep Singh,14,9,2,157,54*,22.42,100,157.0,0,1,2,17,6,RCB,2015,Q
6,MS Bisla,2,2,0,37,20,18.5,30,123.33,0,0,0,6,1,RCB,2015,Q
7,KD Karthik,16,11,0,141,28,12.81,117,120.51,0,0,0,15,4,RCB,2015,Q
8,MA Starc,13,3,2,11,9*,11.0,14,78.57,0,0,0,1,0,RCB,2015,Q
9,Iqbal Abdulla,5,2,0,20,20,10.0,18,111.11,0,0,1,4,0,RCB,2015,Q
10,AN Ahmed,3,3,2,10,5*,10.0,5,200.0,0,0,0,2,0,RCB,2015,Q
11,SA Abbott,2,2,0,15,14,7.5,13,115.38,0,0,0,1,1,RCB,2015,Q
12,RR Rossouw,2,2,0,14,14,7.0,10,140.0,0,0,1,1,1,RCB,2015,Q
13,DJG Sammy,2,2,0,13,7,6.5,18,72.22,0,0,0,0,0,RCB,2015,Q
14,VR Aaron,6,1,0,6,6,6.0,3,200.0,0,0,0,0,1,RCB,2015,Q
15,NJ Maddinson,1,1,0,4,4,4.0,7,57.14,0,0,0,1,0,RCB,2015,Q
16,HV Patel,15,7,2,19,9*,3.8,12,158.33,0,0,2,0,2,RCB,2015,Q
17,YS Chahal,15,2,2,1,1*,0.0,1,100.0,0,0,0,0,0,RCB,2015,Q
18,S Aravind,5,1,1,0,0*,0.0,1,0.0,0,0,0,0,0,RCB,2015,Q
19,AB Dinda,2,0,0,0,0.0,0.0,0,0.0,0,0,0,0,0,RCB,2015,Q
0,AM Rahane,14,13,2,540,91*,49.09,413,130.75,0,4,1,53,13,RR,2015,Q
1,SR Watson,10,9,1,347,104*,43.37,257,135.01,1,1,0,37,14,RR,2015,Q
2,CH Morris,11,7,5,76,34*,38.0,46,165.21,0,0,1,3,5,RR,2015,Q
3,SPD Smith,14,12,1,293,79*,26.63,221,132.57,0,2,1,33,3,RR,2015,Q
4,SV Samson,14,11,1,204,76,20.4,163,125.15,0,1,0,16,8,RR,2015,Q
5,STR Binny,13,8,4,74,20,18.5,66,112.12,0,0,1,7,1,RR,2015,Q
6,JP Faulkner,13,11,3,144,46,18.0,109,132.11,0,0,0,12,5,RR,2015,Q
7,DJ Hooda,14,9,0,151,54,16.77,95,158.94,0,1,0,6,11,RR,2015,Q
8,KK Nair,14,12,1,181,61,16.45,145,124.82,0,1,0,18,5,RR,2015,Q
9,TG Southee,7,3,2,13,7*,13.0,9,144.44,0,0,0,1,0,RR,2015,Q
10,Ankit Sharma,4,2,1,7,7*,7.0,6,116.66,0,0,1,1,0,RR,2015,Q
11,DS Kulkarni,11,2,0,4,3,2.0,11,36.36,0,0,0,0,0,RR,2015,Q
12,R Bhatia,2,1,0,0,0,0.0,1,0.0,0,0,1,0,0,RR,2015,Q
13,PV Tambe,10,2,2,3,2*,0.0,5,60.0,0,0,0,0,0,RR,2015,Q
14,J Theron,1,1,1,1,1*,0.0,1,100.0,0,0,0,0,0,RR,2015,Q
15,BB Sran,1,0,0,0,0.0,0.0,0,0.0,0,0,0,0,0,RR,2015,Q
16,R Tewatia,1,0,0,0,0.0,0.0,0,0.0,0,0,0,0,0,RR,2015,Q
0,DA Warner,14,14,1,562,91,43.23,359,156.54,0,7,0,65,21,SRH,2015,DQ
1,MC Henriques,9,9,2,287,74*,41.0,211,136.01,0,2,0,19,13,SRH,2015,DQ
2,KS Williamson,2,2,1,31,26*,31.0,27,114.81,0,0,0,1,1,SRH,2015,DQ
3,RS Bopara,9,8,3,145,41,29.0,120,120.83,0,0,1,6,6,SRH,2015,DQ
4,KL Rahul,9,8,3,142,44*,28.4,126,112.69,0,0,0,8,5,SRH,2015,DQ
5,S Dhawan,14,14,1,353,54,27.15,286,123.42,0,3,0,45,6,SRH,2015,DQ
6,A Ashish Reddy,6,5,2,73,22*,24.33,46,158.69,0,0,0,3,5,SRH,2015,DQ
7,EJG Morgan,9,9,1,187,63,23.37,151,123.84,0,1,0,11,11,SRH,2015,DQ
8,DW Steyn,6,3,2,20,19*,20.0,13,153.84,0,0,1,3,0,SRH,2015,DQ
9,KV Sharma,14,9,3,104,32,17.33,85,122.35,0,0,0,3,6,SRH,2015,DQ
10,B Kumar,14,3,2,17,11*,17.0,10,170.0,0,0,1,2,1,SRH,2015,DQ
11,NV Ojha,14,11,1,137,28,13.7,121,113.22,0,0,2,12,4,SRH,2015,DQ
12,GH Vihari,5,4,0,39,16,9.75,35,111.42,0,0,0,6,0,SRH,2015,DQ
13,P Kumar,12,4,1,17,12,5.66,25,68.0,0,0,1,1,0,SRH,2015,DQ
14,Bipul Sharma,4,1,0,1,1,1.0,2,50.0,0,0,0,0,0,SRH,2015,DQ
15,Parvez Rasool,2,1,1,2,2*,0.0,2,100.0,0,0,0,0,0,SRH,2015,DQ
16,TA Boult,7,0,0,0,0.0,0.0,0,0.0,0,0,0,0,0,SRH,2015,DQ
17,I Sharma,4,0,0,0,0.0,0.0,0,0.0,0,0,0,0,0,SRH,2015,DQ
0,CH Morris,12,7,4,195,82*,65.0,109,178.89,0,1,1,15,12,DD,2016,DQ
1,JP Duminy,10,8,3,191,49*,38.2,156,122.43,0,0,0,13,3,DD,2016,DQ
2,Q de Kock,13,13,1,445,108,37.08,327,136.08,1,3,0,52,13,DD,2016,DQ
3,KK Nair,14,12,2,357,83*,35.7,297,120.2,0,3,0,40,6,DD,2016,DQ
4,P Negi,8,6,4,57,19*,28.5,59,96.61,0,0,0,2,3,DD,2016,DQ
5,SV Samson,14,14,3,291,60,26.45,259,112.35,0,1,0,20,8,DD,2016,DQ
6,RR Pant,10,10,2,198,69,24.75,152,130.26,0,1,0,19,6,DD,2016,DQ
7,SW Billings,5,4,0,88,54,22.0,64,137.5,0,1,0,4,4,DD,2016,DQ
8,CR Brathwaite,8,6,0,83,34,13.83,38,218.42,0,0,0,6,8,DD,2016,DQ
9,MA Agarwal,3,3,0,27,10,9.0,25,108.0,0,0,0,3,1,DD,2016,DQ
10,SS Iyer,6,6,0,30,19,5.0,43,69.76,0,0,3,2,1,DD,2016,DQ
11,Imran Tahir,4,1,0,5,5,5.0,7,71.42,0,0,0,1,0,DD,2016,DQ
12,Z Khan,12,2,0,6,4,3.0,13,46.15,0,0,0,1,0,DD,2016,DQ
13,J Yadav,5,2,0,6,5,3.0,10,60.0,0,0,0,0,0,DD,2016,DQ
14,A Mishra,14,2,0,4,3,2.0,14,28.57,0,0,0,0,0,DD,2016,DQ
15,NM Coulter-Nile,4,2,2,9,7*,0.0,14,64.28,0,0,0,1,0,DD,2016,DQ
16,Mohammed Shami,8,2,2,2,2*,0.0,4,50.0,0,0,0,0,0,DD,2016,DQ
17,S Nadeem,4,1,1,1,1*,0.0,5,20.0,0,0,0,0,0,DD,2016,DQ
0,AJ Finch,13,12,2,393,74,39.3,299,131.43,0,5,2,45,11,GL,2016,Q
1,DR Smith,12,12,1,324,73,29.45,221,146.6,0,3,1,35,16,GL,2016,Q
2,SK Raina,15,15,1,399,75,28.5,312,127.88,0,3,0,39,10,GL,2016,Q
3,KD Karthik,16,15,2,335,53,25.76,266,125.93,0,3,1,38,3,GL,2016,Q
4,JP Faulkner,7,5,2,77,32,25.66,59,130.5,0,0,0,7,0,GL,2016,Q
5,BB McCullum,16,16,0,354,60,22.12,262,135.11,0,1,1,38,16,GL,2016,Q
6,RA Jadeja,15,15,6,191,36*,21.22,177,107.9,0,0,1,14,4,GL,2016,Q
7,DS Kulkarni,14,5,3,27,10,13.5,16,168.75,0,0,0,3,0,GL,2016,Q
8,DJ Bravo,15,13,5,99,22*,12.37,82,120.73,0,0,1,11,1,GL,2016,Q
9,ER Dwivedi,4,2,0,24,19,12.0,14,171.42,0,0,0,2,2,GL,2016,Q
10,Ishan Kishan,5,5,0,42,27,8.4,41,102.43,0,0,1,5,0,GL,2016,Q
11,AD Nath,4,3,0,20,12,6.66,27,74.07,0,0,0,1,0,GL,2016,Q
12,P Kumar,16,7,3,24,15,6.0,26,92.3,0,0,1,3,0,GL,2016,Q
13,DW Steyn,1,1,0,1,1,1.0,2,50.0,0,0,0,0,0,GL,2016,Q
14,S Kaushik,7,2,1,0,0*,0.0,1,0.0,0,0,1,0,0,GL,2016,Q
15,PV Tambe,7,1,1,7,7*,0.0,19,36.84,0,0,0,1,0,GL,2016,Q
16,SB Jakati,6,1,1,1,1*,0.0,2,50.0,0,0,0,0,0,GL,2016,Q
17,S Ladda,1,0,0,0,0.0,0.0,0,0.0,0,0,0,0,0,GL,2016,Q
18,PJ Sangwan,2,0,0,0,0.0,0.0,0,0.0,0,0,0,0,0,GL,2016,Q
0,YK Pathan,15,13,8,361,63*,72.2,248,145.56,0,3,0,33,13,KKR,2016,Q
1,G Gambhir,15,15,2,501,90*,38.53,411,121.89,0,5,1,54,6,KKR,2016,Q
2,MK Pandey,12,11,3,248,52,31.0,183,135.51,0,2,1,17,9,KKR,2016,Q
3,AD Russell,12,8,1,188,39*,26.85,114,164.91,0,0,0,10,15,KKR,2016,Q
4,RV Uthappa,15,15,0,394,72,26.26,289,136.33,0,3,1,45,8,KKR,2016,Q
5,SA Yadav,15,11,4,182,60,26.0,143,127.27,0,1,0,18,5,KKR,2016,Q
6,CA Lynn,2,2,1,25,15,25.0,22,113.63,0,0,0,0,1,KKR,2016,Q
7,Shakib Al Hasan,10,7,2,114,66*,22.8,106,107.54,0,1,0,7,5,KKR,2016,Q
8,C Munro,4,3,0,30,16,10.0,30,100.0,0,0,0,3,0,KKR,2016,Q
9,PP Chawla,12,3,0,27,11,9.0,26,103.84,0,0,0,4,0,KKR,2016,Q
10,UT Yadav,9,2,1,9,7*,9.0,5,180.0,0,0,0,0,1,KKR,2016,Q
11,R Sathish,4,3,0,24,10,8.0,24,100.0,0,0,0,1,1,KKR,2016,Q
12,SP Narine,11,4,3,7,4,7.0,13,53.84,0,0,0,0,0,KKR,2016,Q
13,JO Holder,4,4,0,22,13,5.5,19,115.78,0,0,1,2,1,KKR,2016,Q
14,M Morkel,10,2,2,1,1*,0.0,1,100.0,0,0,0,0,0,KKR,2016,Q
15,GB Hogg,5,1,1,0,0*,0.0,0,0.0,0,0,0,0,0,KKR,2016,Q
16,JW Hastings,2,0,0,0,0.0,0.0,0,0.0,0,0,0,0,0,KKR,2016,Q
17,Kuldeep Yadav,3,0,0,0,0.0,0.0,0,0.0,0,0,0,0,0,KKR,2016,Q
18,AS Rajpoot,4,0,0,0,0.0,0.0,0,0.0,0,0,0,0,0,KKR,2016,Q
19,JD Unadkat,1,0,0,0,0.0,0.0,0,0.0,0,0,0,0,0,KKR,2016,Q
0,MP Stoinis,7,5,1,146,52,36.5,108,135.18,0,1,1,13,4,KP,2016,DQ
1,M Vijay,14,14,1,453,89,34.84,364,124.45,0,5,0,50,10,KP,2016,DQ
2,SE Marsh,6,6,1,159,56*,31.8,134,118.65,0,1,0,13,4,KP,2016,DQ
3,HM Amla,6,6,0,157,96,26.16,119,131.93,0,1,1,20,4,KP,2016,DQ
4,WP Saha,12,12,1,270,56,24.54,212,127.35,0,2,0,29,1,KP,2016,DQ
5,M Vohra,7,7,0,161,51,23.0,131,122.9,0,1,1,19,3,KP,2016,DQ
6,Gurkeerat Singh,7,6,1,113,51,22.6,86,131.39,0,1,1,11,3,KP,2016,DQ
7,GJ Maxwell,11,11,2,179,68,19.88,124,144.35,0,2,3,14,8,KP,2016,DQ
8,P Sahu,5,2,1,19,18*,19.0,13,146.15,0,0,0,1,1,KP,2016,DQ
9,DA Miller,14,13,3,161,31,16.1,131,122.9,0,0,1,11,4,KP,2016,DQ
10,AR Patel,14,10,3,111,36*,15.85,77,144.15,0,0,2,4,8,KP,2016,DQ
11,KJ Abbott,5,3,2,13,12*,13.0,8,162.5,0,0,1,0,1,KP,2016,DQ
12,KC Cariappa,5,2,1,13,12*,13.0,11,118.18,0,0,0,0,1,KP,2016,DQ
13,NS Naik,2,2,0,23,22,11.5,31,74.19,0,0,0,1,0,KP,2016,DQ
14,MM Sharma,14,6,2,32,15,8.0,26,123.07,0,0,0,3,1,KP,2016,DQ
15,F Behardien,3,3,1,14,9*,7.0,13,107.69,0,0,1,2,0,KP,2016,DQ
16,MG Johnson,3,3,1,5,4,2.5,14,35.71,0,0,0,0,0,KP,2016,DQ
17,Swapnil Singh,1,1,0,0,0,0.0,1,0.0,0,0,1,0,0,KP,2016,DQ
18,R Dhawan,2,2,2,14,11*,0.0,6,233.33,0,0,0,0,1,KP,2016,DQ
19,Sandeep Sharma,14,4,4,8,5*,0.0,9,88.88,0,0,0,0,0,KP,2016,DQ
20,Anureet Singh,2,0,0,0,0.0,0.0,0,0.0,0,0,0,0,0,KP,2016,DQ
0,RG Sharma,14,14,3,489,85*,44.45,368,132.88,0,5,1,49,16,MI,2016,DQ
1,KH Pandya,12,9,3,237,86,39.5,124,191.12,0,1,0,22,13,MI,2016,DQ
2,N Rana,4,3,0,104,70,34.66,75,138.66,0,1,0,7,8,MI,2016,DQ
3,Harbhajan Singh,14,7,4,92,45*,30.66,84,109.52,0,0,1,11,2,MI,2016,DQ
4,AT Rayudu,13,12,1,334,65,30.36,278,120.14,0,2,1,28,12,MI,2016,DQ
5,KA Pollard,13,12,4,207,51*,25.87,144,143.75,0,1,0,11,16,MI,2016,DQ
6,JC Buttler,14,14,3,255,41,23.18,184,138.58,0,0,1,23,11,MI,2016,DQ
7,MJ Guptill,3,3,0,57,48,19.0,55,103.63,0,0,0,3,3,MI,2016,DQ
8,PA Patel,10,10,0,177,81,17.7,152,116.44,0,1,1,23,4,MI,2016,DQ
9,R Vinay Kumar,3,2,1,13,12,13.0,12,108.33,0,0,0,0,1,MI,2016,DQ
10,MJ McClenaghan,14,5,2,34,20,11.33,23,147.82,0,0,0,2,3,MI,2016,DQ
11,TG Southee,11,4,1,30,25,10.0,19,157.89,0,0,0,1,2,MI,2016,DQ
12,JJ Bumrah,14,2,1,8,6,8.0,11,72.72,0,0,0,1,0,MI,2016,DQ
13,LMP Simmons,1,1,0,8,8,8.0,8,100.0,0,0,0,0,1,MI,2016,DQ
14,HH Pandya,11,9,2,44,9,6.28,63,69.84,0,0,0,4,0,MI,2016,DQ
15,S Gopal,1,1,0,2,2,2.0,16,12.5,0,0,0,0,0,MI,2016,DQ
16,UBT Chand,1,1,0,0,0,0.0,4,0.0,0,0,1,0,0,MI,2016,DQ
17,J Suchith,1,0,0,0,0.0,0.0,0,0.0,0,0,0,0,0,MI,2016,DQ
0,V Kohli,16,16,4,973,113,81.08,640,152.03,4,7,1,83,38,RCB,2016,R
1,AB de Villiers,16,16,3,687,129*,52.84,407,168.79,1,6,1,57,37,RCB,2016,R
2,KL Rahul,14,12,3,397,68*,44.11,271,146.49,0,4,1,37,16,RCB,2016,R
3,SN Khan,5,4,2,66,35*,33.0,31,212.9,0,0,0,7,4,RCB,2016,R
4,Sachin Baby,11,6,2,119,33,29.75,79,150.63,0,0,1,9,5,RCB,2016,R
5,TM Head,3,3,1,54,37,27.0,40,135.0,0,0,0,3,2,RCB,2016,R
6,CH Gayle,10,10,0,227,76,22.7,150,151.33,0,2,1,17,21,RCB,2016,R
7,STR Binny,14,6,2,63,21,15.75,39,161.53,0,0,0,5,4,RCB,2016,R
8,SR Watson,16,15,2,179,36,13.76,134,133.58,0,0,1,14,12,RCB,2016,R
9,Parvez Rasool,4,1,0,10,10,10.0,9,111.11,0,0,0,1,0,RCB,2016,R
10,CJ Jordan,9,1,0,3,3,3.0,4,75.0,0,0,0,0,0,RCB,2016,R
11,KM Jadhav,4,3,3,42,25*,0.0,32,131.25,0,0,0,2,2,RCB,2016,R
12,Iqbal Abdulla,8,2,2,37,33*,0.0,27,137.03,0,0,0,4,1,RCB,2016,R
13,D Wiese,1,1,1,5,5*,0.0,4,125.0,0,0,0,0,0,RCB,2016,R
14,KW Richardson,4,1,1,1,1*,0.0,1,100.0,0,0,0,0,0,RCB,2016,R
15,VR Aaron,8,1,1,0,0*,0.0,0,0.0,0,0,0,0,0,RCB,2016,R
16,HV Patel,5,1,1,0,0*,0.0,0,0.0,0,0,0,0,0,RCB,2016,R
17,S Aravind,9,0,0,0,0.0,0.0,0,0.0,0,0,0,0,0,RCB,2016,R
18,YS Chahal,13,0,0,0,0.0,0.0,0,0.0,0,0,0,0,0,RCB,2016,R
19,Mandeep Singh,1,0,0,0,0.0,0.0,0,0.0,0,0,0,0,0,RCB,2016,R
20,AF Milne,1,0,0,0,0.0,0.0,0,0.0,0,0,0,0,0,RCB,2016,R
21,T Shamsi,4,0,0,0,0.0,0.0,0,0.0,0,0,0,0,0,RCB,2016,R
0,SPD Smith,8,7,1,270,101,45.0,176,153.4,1,0,0,27,8,RPS,2016,DQ
1,AM Rahane,14,14,3,480,74,43.63,379,126.64,0,6,2,54,9,RPS,2016,DQ
2,MS Dhoni,14,12,5,284,64*,40.57,210,135.23,0,1,0,18,14,RPS,2016,DQ
3,KP Pietersen,4,4,2,73,37,36.5,61,119.67,0,0,0,4,3,RPS,2016,DQ
4,F du Plessis,6,6,0,206,69,34.33,162,127.16,0,2,0,17,9,RPS,2016,DQ
5,R Bhatia,10,6,5,34,21,34.0,20,170.0,0,0,0,1,2,RPS,2016,DQ
6,SS Tiwary,10,8,1,170,57,24.28,141,120.56,0,2,0,17,4,RPS,2016,DQ
7,NLTC Perera,12,10,3,150,34,21.42,93,161.29,0,0,0,7,11,RPS,2016,DQ
8,UT Khawaja,6,6,0,127,30,21.16,100,127.0,0,0,0,14,3,RPS,2016,DQ
9,GJ Bailey,6,5,1,84,34,21.0,98,85.71,0,0,1,9,2,RPS,2016,DQ
10,R Ashwin,14,6,4,41,29,20.5,38,107.89,0,0,1,3,1,RPS,2016,DQ
11,JA Morkel,2,1,0,16,16,16.0,9,177.77,0,0,0,0,2,RPS,2016,DQ
12,MR Marsh,3,1,0,7,7,7.0,11,63.63,0,0,0,0,0,RPS,2016,DQ
13,PSP Handscomb,2,1,0,6,6,6.0,12,50.0,0,0,0,0,0,RPS,2016,DQ
14,IK Pathan,4,3,0,11,7,3.66,13,84.61,0,0,0,0,0,RPS,2016,DQ
15,M Ashwin,10,1,0,0,0,0.0,1,0.0,0,0,1,0,0,RPS,2016,DQ
16,A Zampa,5,1,0,0,0,0.0,1,0.0,0,0,1,0,0,RPS,2016,DQ
17,Ankit Sharma,3,1,1,3,3*,0.0,3,100.0,0,0,0,0,0,RPS,2016,DQ
18,I Sharma,4,1,1,0,0*,0.0,0,0.0,0,0,0,0,0,RPS,2016,DQ
19,SM Boland,2,0,0,0,0.0,0.0,0,0.0,0,0,0,0,0,RPS,2016,DQ
20,DL Chahar,2,0,0,0,0.0,0.0,0,0.0,0,0,0,0,0,RPS,2016,DQ
21,AB Dinda,9,0,0,0,0.0,0.0,0,0.0,0,0,0,0,0,RPS,2016,DQ
22,RP Singh,4,0,0,0,0.0,0.0,0,0.0,0,0,0,0,0,RPS,2016,DQ
0,DA Warner,17,17,3,848,93*,60.57,560,151.42,0,9,1,88,31,SRH,2016,W
1,S Dhawan,17,17,4,501,82*,38.53,429,116.78,0,4,1,51,8,SRH,2016,W
2,BCJ Cutting,4,4,2,65,39*,32.5,34,191.17,0,0,1,4,6,SRH,2016,W
3,Yuvraj Singh,10,10,1,236,44,26.22,179,131.84,0,0,0,22,13,SRH,2016,W
4,Bipul Sharma,7,4,2,51,27*,25.5,25,204.0,0,0,0,1,5,SRH,2016,W
5,EJG Morgan,7,6,1,123,51,24.6,105,117.14,0,1,1,8,4,SRH,2016,W
6,A Ashish Reddy,4,3,1,47,32,23.5,29,162.06,0,0,0,2,4,SRH,2016,W
7,KS Williamson,6,6,0,124,50,20.66,122,101.63,0,1,0,14,0,SRH,2016,W
8,MC Henriques,17,15,3,182,31*,15.16,158,115.18,0,0,1,15,6,SRH,2016,W
9,NV Ojha,17,13,3,136,37,13.6,138,98.55,0,0,1,7,5,SRH,2016,W
10,DJ Hooda,17,15,1,144,34,10.28,121,119.0,0,0,0,9,5,SRH,2016,W
11,B Kumar,17,8,2,43,21,7.16,27,159.25,0,0,0,6,1,SRH,2016,W
12,AP Tare,3,2,0,8,8,4.0,15,53.33,0,0,1,1,0,SRH,2016,W
13,KV Sharma,5,3,3,36,26*,0.0,30,120.0,0,0,0,3,1,SRH,2016,W
14,BB Sran,14,4,4,4,2*,0.0,4,100.0,0,0,0,0,0,SRH,2016,W
15,A Nehra,8,2,2,1,1*,0.0,1,100.0,0,0,0,0,0,SRH,2016,W
16,TA Boult,1,0,0,0,0.0,0.0,0,0.0,0,0,0,0,0,SRH,2016,W
17,Mustafizur Rahman,16,0,0,0,0.0,0.0,0,0.0,0,0,0,0,0,SRH,2016,W
0,A Mishra,14,6,5,49,13*,49.0,52,94.23,0,0,0,2,2,DD,2017,DQ
1,SS Iyer,12,12,2,338,96,33.8,243,139.09,0,2,0,36,10,DD,2017,DQ
2,CH Morris,9,9,4,154,52*,30.8,94,163.82,0,1,0,15,6,DD,2017,DQ
3,SV Samson,14,14,0,386,102,27.57,273,141.39,1,2,2,32,19,DD,2017,DQ
4,RR Pant,14,14,0,366,97,26.14,221,165.61,0,2,3,28,24,DD,2017,DQ
5,SW Billings,6,6,0,138,55,23.0,104,132.69,0,1,1,19,1,DD,2017,DQ
6,KK Nair,14,13,0,281,64,21.61,226,124.33,0,1,1,39,6,DD,2017,DQ
7,CJ Anderson,11,11,4,142,41*,20.28,123,115.44,0,0,1,8,9,DD,2017,DQ
8,K Rabada,6,3,0,55,44,18.33,64,85.93,0,0,1,5,1,DD,2017,DQ
9,AD Mathews,3,2,0,32,31,16.0,27,118.51,0,0,0,2,1,DD,2017,DQ
10,PJ Cummins,12,9,4,77,24,15.4,53,145.28,0,0,0,5,4,DD,2017,DQ
11,Mohammed Shami,8,6,2,36,21,9.0,24,150.0,0,0,0,4,2,DD,2017,DQ
12,MN Samuels,5,4,0,29,27,7.25,31,93.54,0,0,1,1,2,DD,2017,DQ
13,AP Tare,3,3,0,18,18,6.0,23,78.26,0,0,2,3,0,DD,2017,DQ
14,CR Brathwaite,2,2,0,12,11,6.0,15,80.0,0,0,0,2,0,DD,2017,DQ
15,Z Khan,11,3,2,4,2,4.0,13,30.76,0,0,0,0,0,DD,2017,DQ
16,S Nadeem,7,4,1,2,2,0.66,9,22.22,0,0,2,0,0,DD,2017,DQ
17,AR Bawne,1,1,1,12,12*,0.0,12,100.0,0,0,0,1,0,DD,2017,DQ
18,J Yadav,2,0,0,0,0.0,0.0,0,0.0,0,0,0,0,0,DD,2017,DQ
0,SK Raina,14,14,3,442,84,40.18,307,143.97,0,3,0,42,13,GL,2017,DQ
1,RA Jadeja,12,10,6,158,28,39.5,113,139.82,0,0,0,13,4,GL,2017,DQ
2,KD Karthik,14,13,3,361,65,36.1,259,139.38,0,2,1,30,11,GL,2017,DQ
3,JJ Roy,3,3,1,59,31,29.5,40,147.5,0,0,0,9,1,GL,2017,DQ
4,BB McCullum,11,11,0,319,72,29.0,217,147.0,0,2,0,29,18,GL,2017,DQ
5,Ishan Kishan,11,10,0,277,61,27.7,206,134.46,0,1,0,29,13,GL,2017,DQ
6,AJ Tye,6,3,1,53,25,26.5,30,176.66,0,0,0,4,3,GL,2017,DQ
7,AJ Finch,13,13,1,299,72,24.91,180,166.11,0,2,1,25,19,GL,2017,DQ
8,DR Smith,12,12,1,239,74,21.72,156,153.2,0,2,2,32,8,GL,2017,DQ
9,JP Faulkner,8,6,2,54,21,13.5,57,94.73,0,0,0,4,0,GL,2017,DQ
10,P Kumar,6,2,1,8,7*,8.0,9,88.88,0,0,0,0,0,GL,2017,DQ
11,Ankit Soni,7,3,1,7,7*,3.5,9,77.77,0,0,2,0,1,GL,2017,DQ
12,IK Pathan,1,1,0,2,2,2.0,3,66.66,0,0,0,0,0,GL,2017,DQ
13,PJ Sangwan,5,3,1,2,1*,1.0,4,50.0,0,0,1,0,0,GL,2017,DQ
14,DS Kulkarni,6,1,0,1,1,1.0,2,50.0,0,0,0,0,0,GL,2017,DQ
15,AD Nath,1,1,0,0,0,0.0,1,0.0,0,0,1,0,0,GL,2017,DQ
16,MM Patel,2,1,0,0,0,0.0,1,0.0,0,0,1,0,0,GL,2017,DQ
17,Basil Thampi,12,5,5,28,13*,0.0,28,100.0,0,0,0,1,1,GL,2017,DQ
18,SS Agarwal,1,0,0,0,0.0,0.0,0,0.0,0,0,0,0,0,GL,2017,DQ
19,MS Gony,1,0,0,0,0.0,0.0,0,0.0,0,0,0,0,0,GL,2017,DQ
20,SB Jakati,2,0,0,0,0.0,0.0,0,0.0,0,0,0,0,0,GL,2017,DQ
21,S Kaushik,3,0,0,0,0.0,0.0,0,0.0,0,0,0,0,0,GL,2017,DQ
22,NB Singh,2,0,0,0,0.0,0.0,0,0.0,0,0,0,0,0,GL,2017,DQ
23,Tejas Baroka,1,0,0,0,0.0,0.0,0,0.0,0,0,0,0,0,GL,2017,DQ
0,MK Pandey,14,13,5,396,81*,49.5,308,128.57,0,2,0,28,12,KKR,2017,Q
1,CA Lynn,7,7,1,295,93*,49.16,163,180.98,0,3,0,25,19,KKR,2017,Q
2,G Gambhir,16,16,4,498,76*,41.5,389,128.02,0,4,0,62,7,KKR,2017,Q
3,IR Jaggi,2,2,1,33,28,33.0,39,84.61,0,0,0,3,0,KKR,2017,Q
4,RV Uthappa,14,13,0,388,87,29.84,235,165.1,0,5,1,36,21,KKR,2017,Q
5,SP Jackson,4,3,1,38,16,19.0,31,122.58,0,0,0,5,0,KKR,2017,Q
6,YK Pathan,15,11,3,143,59,17.87,115,124.34,0,1,1,9,6,KKR,2017,Q
7,SA Yadav,10,7,1,105,31,17.5,88,119.31,0,0,0,8,3,KKR,2017,Q
8,SP Narine,16,14,1,224,54,17.23,130,172.3,0,1,2,34,10,KKR,2017,Q
9,C de Grandhomme,12,9,1,126,36,15.75,92,136.95,0,0,3,10,6,KKR,2017,Q
10,CR Woakes,13,7,3,46,18,11.5,47,97.87,0,0,0,4,1,KKR,2017,Q
11,Kuldeep Yadav,12,2,0,20,16,10.0,22,90.9,0,0,0,2,0,KKR,2017,Q
12,NM Coulter-Nile,8,3,0,14,6,4.66,12,116.66,0,0,0,0,2,KKR,2017,Q
13,AS Rajpoot,5,1,0,4,4,4.0,7,57.14,0,0,0,1,0,KKR,2017,Q
14,PP Chawla,6,1,0,2,2,2.0,6,33.33,0,0,0,0,0,KKR,2017,Q
15,UT Yadav,14,4,4,10,4*,0.0,13,76.92,0,0,0,0,0,KKR,2017,Q
16,DM Bravo,1,1,1,6,6*,0.0,5,120.0,0,0,0,1,0,KKR,2017,Q
17,TA Boult,6,1,1,5,5*,0.0,8,62.5,0,0,0,0,0,KKR,2017,Q
18,Shakib Al Hasan,1,1,1,1,1*,0.0,1,100.0,0,0,0,0,0,KKR,2017,Q
0,HM Amla,10,10,3,420,104*,60.0,288,145.83,2,2,1,40,17,KP,2017,DQ
1,SE Marsh,9,8,0,264,84,33.0,194,136.08,0,2,0,36,5,KP,2017,DQ
2,GJ Maxwell,14,13,3,310,47,31.0,179,173.18,0,0,3,19,26,KP,2017,DQ
3,AR Patel,14,13,5,227,44,28.37,162,140.12,0,0,1,11,11,KP,2017,DQ
4,DA Miller,5,4,1,83,30*,27.66,80,103.75,0,0,0,4,4,KP,2017,DQ
5,M Vohra,11,9,0,229,95,25.44,159,144.02,0,1,0,23,9,KP,2017,DQ
6,WP Saha,14,11,1,234,93*,23.4,187,125.13,0,1,1,20,8,KP,2017,DQ
7,MJ Guptill,7,7,1,132,50*,22.0,88,150.0,0,1,1,17,5,KP,2017,DQ
8,R Tewatia,3,2,1,19,15*,19.0,11,172.72,0,0,0,4,0,KP,2017,DQ
9,EJG Morgan,4,4,0,65,26,16.25,62,104.83,0,0,0,6,2,KP,2017,DQ
10,Anureet Singh,1,1,0,15,15,15.0,12,125.0,0,0,0,2,0,KP,2017,DQ
11,MM Sharma,14,7,1,51,13,8.5,50,102.0,0,0,0,3,1,KP,2017,DQ
12,Swapnil Singh,4,2,0,12,10,6.0,19,63.15,0,0,0,0,0,KP,2017,DQ
13,MP Stoinis,5,3,0,17,9,5.66,24,70.83,0,0,0,1,0,KP,2017,DQ
14,I Sharma,6,3,1,8,5*,4.0,12,66.66,0,0,0,1,0,KP,2017,DQ
15,VR Aaron,6,2,1,4,4,4.0,10,40.0,0,0,0,0,0,KP,2017,DQ
16,KC Cariappa,4,2,0,2,1,1.0,7,28.57,0,0,0,0,0,KP,2017,DQ
17,Sandeep Sharma,13,4,4,7,5*,0.0,6,116.66,0,0,0,0,0,KP,2017,DQ
18,Gurkeerat Singh,2,0,0,0,0.0,0.0,0,0.0,0,0,0,0,0,KP,2017,DQ
19,MJ Henry,2,0,0,0,0.0,0.0,0,0.0,0,0,0,0,0,KP,2017,DQ
20,T Natarajan,6,0,0,0,0.0,0.0,0,0.0,0,0,0,0,0,KP,2017,DQ
0,SS Tiwary,1,1,0,52,52,52.0,43,120.93,0,1,0,9,0,MI,2017,W
1,HH Pandya,17,16,9,250,35*,35.71,160,156.25,0,0,0,11,20,MI,2017,W
2,KH Pandya,13,11,4,243,47,34.71,179,135.75,0,0,0,24,7,MI,2017,W
3,N Rana,13,12,1,333,62*,30.27,264,126.13,0,3,0,24,17,MI,2017,W
4,KA Pollard,17,16,3,385,70,29.61,276,139.49,0,3,0,26,22,MI,2017,W
5,JC Buttler,10,10,0,272,77,27.2,177,153.67,0,1,0,27,15,MI,2017,W
6,PA Patel,16,16,0,395,70,24.68,293,134.81,0,2,2,49,8,MI,2017,W
7,RG Sharma,17,16,2,333,67,23.78,273,121.97,0,3,1,31,9,MI,2017,W
8,LMP Simmons,7,7,0,137,66,19.57,112,122.32,0,2,1,10,8,MI,2017,W
9,AT Rayudu,5,5,0,91,63,18.2,78,116.66,0,1,1,7,3,MI,2017,W
10,JJ Bumrah,16,2,1,16,16*,16.0,12,133.33,0,0,1,0,1,MI,2017,W
11,KV Sharma,9,6,0,49,19,8.16,41,119.51,0,0,0,5,2,MI,2017,W
12,Harbhajan Singh,11,7,5,16,7*,8.0,16,100.0,0,0,1,0,1,MI,2017,W
13,TG Southee,3,1,0,7,7,7.0,3,233.33,0,0,0,0,1,MI,2017,W
14,MJ McClenaghan,14,7,3,16,12,4.0,15,106.66,0,0,2,0,1,MI,2017,W
15,MG Johnson,5,3,3,20,13*,0.0,17,117.64,0,0,0,1,1,MI,2017,W
16,SL Malinga,12,2,2,7,7*,0.0,3,233.33,0,0,0,0,1,MI,2017,W
17,R Vinay Kumar,1,0,0,0,0.0,0.0,0,0.0,0,0,0,0,0,MI,2017,W
0,V Kohli,10,10,0,308,64,30.8,252,122.22,0,4,1,23,11,RCB,2017,DQ
1,TM Head,7,7,2,151,75*,30.2,108,139.81,0,1,1,9,6,RCB,2017,DQ
2,AB de Villiers,9,9,1,216,89*,27.0,163,132.51,0,1,0,12,16,RCB,2017,DQ
3,A Choudhary,5,3,2,25,15*,25.0,20,125.0,0,0,0,1,1,RCB,2017,DQ
4,KM Jadhav,13,13,1,267,69,22.25,186,143.54,0,1,0,25,10,RCB,2017,DQ
5,CH Gayle,9,9,0,200,77,22.22,163,122.69,0,1,2,15,14,RCB,2017,DQ
6,Mandeep Singh,11,10,0,188,52,18.8,177,106.21,0,1,2,21,4,RCB,2017,DQ
7,P Negi,12,10,2,144,35,18.0,111,129.72,0,0,0,10,7,RCB,2017,DQ
8,STR Binny,8,7,2,78,18*,15.6,76,102.63,0,0,0,6,3,RCB,2017,DQ
9,SR Watson,8,7,1,71,24,11.83,78,91.02,0,0,0,6,1,RCB,2017,DQ
10,S Aravind,10,8,4,32,9,8.0,40,80.0,0,0,2,2,0,RCB,2017,DQ
11,Vishnu Vinod,3,3,0,19,9,6.33,26,73.07,0,0,0,1,1,RCB,2017,DQ
12,Sachin Baby,3,3,0,15,12,5.0,15,100.0,0,0,0,2,0,RCB,2017,DQ
13,YS Chahal,13,6,3,13,4*,4.33,26,50.0,0,0,1,0,0,RCB,2017,DQ
14,AF Milne,4,3,1,7,5,3.5,12,58.33,0,0,0,0,0,RCB,2017,DQ
15,TS Mills,5,3,0,8,6,2.66,11,72.72,0,0,1,0,1,RCB,2017,DQ
16,S Badree,7,5,0,13,8,2.6,23,56.52,0,0,2,0,0,RCB,2017,DQ
17,Iqbal Abdulla,2,1,1,5,5*,0.0,7,71.42,0,0,0,0,0,RCB,2017,DQ
18,Avesh Khan,1,0,0,0,0.0,0.0,0,0.0,0,0,0,0,0,RCB,2017,DQ
19,HV Patel,1,0,0,0,0.0,0.0,0,0.0,0,0,0,0,0,RCB,2017,DQ
20,B Stanlake,2,0,0,0,0.0,0.0,0,0.0,0,0,0,0,0,RCB,2017,DQ
0,SPD Smith,15,15,3,472,84*,39.33,387,121.96,0,3,0,38,12,RPS,2017,R
1,MK Tiwary,15,13,3,324,60,32.4,236,137.28,0,2,1,31,11,RPS,2017,R
2,BA Stokes,12,11,1,316,103*,31.6,221,142.98,1,1,0,22,15,RPS,2017,R
3,RA Tripathi,14,14,0,391,93,27.92,267,146.44,0,2,1,43,17,RPS,2017,R
4,MS Dhoni,16,15,4,290,61*,26.36,250,116.0,0,1,0,15,16,RPS,2017,R
5,AM Rahane,16,16,1,382,60,25.46,323,118.26,0,2,2,35,9,RPS,2017,R
6,Ankit Sharma,1,1,0,25,25,25.0,15,166.66,0,0,0,2,1,RPS,2017,R
7,R Bhatia,3,2,1,16,16,16.0,17,94.11,0,0,0,0,1,RPS,2017,R
8,DT Christian,13,9,4,79,17*,15.8,49,161.22,0,0,0,5,5,RPS,2017,R
9,DL Chahar,3,1,0,14,14,14.0,6,233.33,0,0,0,0,2,RPS,2017,R
10,Washington Sundar,11,5,4,9,5*,9.0,12,75.0,0,0,1,0,0,RPS,2017,R
11,MA Agarwal,3,3,0,26,20,8.66,27,96.29,0,0,1,3,0,RPS,2017,R
12,F du Plessis,2,1,0,8,8,8.0,7,114.28,0,0,0,1,0,RPS,2017,R
13,AB Dinda,3,1,0,7,7,7.0,7,100.0,0,0,0,1,0,RPS,2017,R
14,A Zampa,6,1,0,5,5,5.0,7,71.42,0,0,0,1,0,RPS,2017,R
15,SN Thakur,12,3,0,0,0,0.0,3,0.0,0,0,3,0,0,RPS,2017,R
16,RD Chahar,3,1,1,3,3*,0.0,2,150.0,0,0,0,0,0,RPS,2017,R
17,JD Unadkat,12,2,2,2,2*,0.0,5,40.0,0,0,0,0,0,RPS,2017,R
18,LH Ferguson,4,1,1,1,1*,0.0,1,100.0,0,0,0,0,0,RPS,2017,R
19,Imran Tahir,12,1,1,0,0*,0.0,2,0.0,0,0,0,0,0,RPS,2017,R
0,DA Warner,14,14,3,641,126,58.27,452,141.81,1,4,0,63,26,SRH,2017,Q
1,V Shankar,4,4,2,101,63*,50.5,75,134.66,0,1,0,12,1,SRH,2017,Q
2,MC Henriques,12,11,5,277,55*,46.16,203,136.45,0,3,0,28,4,SRH,2017,Q
3,KS Williamson,7,7,1,256,89,42.66,169,151.47,0,2,0,20,10,SRH,2017,Q
4,S Dhawan,14,14,1,479,77,36.84,376,127.39,0,3,0,53,9,SRH,2017,Q
5,Bipul Sharma,7,3,2,31,21*,31.0,24,129.16,0,0,0,2,1,SRH,2017,Q
6,Yuvraj Singh,12,11,2,252,70*,28.0,177,142.37,0,2,1,30,8,SRH,2017,Q
7,DJ Hooda,10,6,3,78,19*,26.0,52,150.0,0,0,0,5,4,SRH,2017,Q
8,BCJ Cutting,4,3,1,51,20,25.5,26,196.15,0,0,0,5,3,SRH,2017,Q
9,NV Ojha,14,5,1,79,34,19.75,65,121.53,0,0,0,2,3,SRH,2017,Q
10,Rashid Khan,14,3,1,11,6*,5.5,9,122.22,0,0,0,0,1,SRH,2017,Q
11,B Kumar,14,2,1,4,4*,4.0,4,100.0,0,0,1,0,0,SRH,2017,Q
12,Mohammad Nabi,3,1,0,2,2,2.0,3,66.66,0,0,0,0,0,SRH,2017,Q
13,CJ Jordan,1,1,0,0,0,0.0,1,0.0,0,0,1,0,0,SRH,2017,Q
14,S Kaul,10,1,1,0,0*,0.0,2,0.0,0,0,0,0,0,SRH,2017,Q
15,A Nehra,6,2,2,0,0*,0.0,0,0.0,0,0,0,0,0,SRH,2017,Q
16,Mohammed Siraj,6,0,0,0,0.0,0.0,0,0.0,0,0,0,0,0,SRH,2017,Q
17,Mustafizur Rahman,1,0,0,0,0.0,0.0,0,0.0,0,0,0,0,0,SRH,2017,Q
18,BB Sran,1,0,0,0,0.0,0.0,0,0.0,0,0,0,0,0,SRH,2017,Q
