,4,5,Ave,BBI,Ct,Econ,Inns,Mat,Mdns,Overs,Player,Runs,SR,St,Wkts,team,year
0,0,0,30.78,3/23,5.0,6.54,18,19.0,0,65.5,R Ashwin,431,28.2,0.0,14,CSK,2012
1,0,0,23.50,2/10,4.0,6.71,4,5.0,0,14.0,KMDN Kulasekara,94,21.0,0.0,4,CSK,2012
2,0,0,16.64,3/27,0.0,6.85,9,9.0,2,34.0,BW Hilfenhaus,233,14.5,0.0,14,CSK,2012
3,0,0,52.50,1/5,11.0,7.50,7,19.0,0,14.0,SK Raina,105,42.0,0.0,2,CSK,2012
4,0,0,29.61,3/29,2.0,7.77,15,16.0,0,49.3,JA Morkel,385,22.8,0.0,13,CSK,2012
5,0,1,22.75,5/16,2.0,7.80,14,19.0,0,35.0,RA Jadeja,273,17.5,0.0,12,CSK,2012
6,0,0,30.80,2/10,9.0,8.01,18,19.0,0,57.4,DJ Bravo,462,23.0,0.0,15,CSK,2012
7,0,0,37.33,2/14,4.0,8.19,15,15.0,0,41.0,SB Jakati,336,27.3,0.0,9,CSK,2012
8,0,0,27.00,2/21,1.0,8.67,4,5.0,0,9.2,VY Mahesh,81,18.6,0.0,3,CSK,2012
9,0,0,19.62,3/24,2.0,8.72,6,6.0,0,18.0,DE Bollinger,157,13.5,0.0,8,CSK,2012
10,0,0,0.0,0.0,4.0,16.00,1,13.0,0,1.0,F du Plessis,16,0.0,0.0,0,CSK,2012
11,0.0,0.0,0.0,0.0,0.0,0.0,0.0,4.0,0.0,0.0,S Anirudha,0.0,0.0,0.0,0.0,CSK,2012
12,0.0,0.0,0.0,0.0,3.0,0.0,0.0,15.0,0.0,0.0,S Badrinath,0.0,0.0,0.0,0.0,CSK,2012
13,0.0,0.0,0.0,0.0,12.0,0.0,0.0,19.0,0.0,0.0,MS Dhoni,0.0,0.0,2.0,0.0,CSK,2012
14,0.0,0.0,0.0,0.0,4.0,0.0,0.0,8.0,0.0,0.0,MEK Hussey,0.0,0.0,0.0,0.0,CSK,2012
15,0.0,0.0,0.0,0.0,0.0,0.0,0.0,4.0,0.0,0.0,WP Saha,0.0,0.0,0.0,0.0,CSK,2012
16,0.0,0.0,0.0,0.0,6.0,0.0,0.0,14.0,0.0,0.0,M Vijay,0.0,0.0,0.0,0.0,CSK,2012
0,0,0,15.83,3/8,4.0,6.10,12,12.0,2,46.4,DW Steyn,285,15.5,0.0,18,DC,2012
1,0,0,38.00,1/13,2.0,6.33,3,5.0,0,6.0,AA Jhunjhunwala,38,36.0,0.0,1,DC,2012
2,0,0,41.25,1/9,0.0,6.82,9,9.0,0,24.1,Ankit Sharma,165,36.2,0.0,4,DC,2012
3,0,0,29.00,3/32,1.0,8.02,14,14.0,0,47.0,A Mishra,377,21.6,0.0,13,DC,2012
4,0,0,33.00,2/37,0.0,8.25,2,2.0,0,8.0,J Theron,66,24.0,0.0,2,DC,2012
5,0,0,69.00,1/26,1.0,8.62,6,6.0,0,24.0,MS Gony,207,48.0,0.0,3,DC,2012
6,0,0,29.12,2/26,6.0,8.62,7,7.0,0,27.0,DT Christian,233,20.2,0.0,8,DC,2012
7,0,0,104.00,1/8,6.0,8.66,6,9.0,0,12.0,JP Duminy,104,72.0,0.0,1,DC,2012
8,0,0,0.0,0.0,2.0,8.66,2,4.0,0,3.0,DJ Harris,26,0.0,0.0,0,DC,2012
9,0,0,29.60,2/31,0.0,8.70,9,9.0,0,34.0,V Pratap Singh,296,20.4,0.0,10,DC,2012
10,0,0,21.54,3/25,0.0,8.72,9,9.0,0,27.1,A Ashish Reddy,237,14.8,0.0,11,DC,2012
11,0,0,0.0,0.0,3.0,9.00,2,13.0,0,3.0,CL White,27,0.0,0.0,0,DC,2012
12,0,0,18.33,1/8,5.0,9.16,4,15.0,0,6.0,S Dhawan,55,12.0,0.0,3,DC,2012
13,0,0,36.33,1/11,0.0,9.21,4,4.0,0,11.5,Anand Rajan,109,23.6,0.0,3,DC,2012
14,0,0,136.00,1/46,0.0,11.65,3,3.0,0,11.4,TP Sudhindra,136,70.0,0.0,1,DC,2012
15,0.0,0.0,0.0,0.0,1.0,0.0,0.0,5.0,0.0,0.0,B Chipli,0.0,0.0,0.0,0.0,DC,2012
16,0.0,0.0,0.0,0.0,1.0,0.0,0.0,3.0,0.0,0.0,IR Jaggi,0.0,0.0,0.0,0.0,DC,2012
17,0.0,0.0,0.0,0.0,1.0,0.0,0.0,1.0,0.0,0.0,CA Lynn,0.0,0.0,0.0,0.0,DC,2012
18,0.0,0.0,0.0,0.0,1.0,0.0,0.0,1.0,0.0,0.0,T Mishra,0.0,0.0,0.0,0.0,DC,2012
19,0.0,0.0,0.0,0.0,5.0,0.0,0.0,14.0,0.0,0.0,PA Patel,0.0,0.0,1.0,0.0,DC,2012
20,0.0,0.0,0.0,0.0,0.0,0.0,0.0,2.0,0.0,0.0,DB Ravi Teja,0.0,0.0,0.0,0.0,DC,2012
21,0.0,0.0,0.0,0.0,0.0,0.0,0.0,5.0,0.0,0.0,PA Reddy,0.0,0.0,0.0,0.0,DC,2012
22,0.0,0.0,0.0,0.0,0.0,0.0,0.0,1.0,0.0,0.0,BB Samantray,0.0,0.0,0.0,0.0,DC,2012
23,0.0,0.0,0.0,0.0,9.0,0.0,0.0,12.0,0.0,0.0,KC Sangakkara,0.0,0.0,0.0,0.0,DC,2012
0,0,0,30.00,2/28,1.0,6.00,3,3.0,0,10.0,RE van der Merwe,60,30.0,0.0,2,DD,2012
1,1,0,21.71,4/18,2.0,6.90,6,8.0,0,22.0,P Negi,152,18.8,0.0,7,DD,2012
2,0,0,39.75,3/16,3.0,7.06,12,12.0,0,45.0,S Nadeem,318,33.7,0.0,8,DD,2012
3,1,0,18.12,4/20,1.0,7.19,16,16.0,1,63.0,M Morkel,453,15.1,0.0,25,DD,2012
4,0,0,22.00,1/10,0.0,7.33,2,2.0,0,3.0,GJ Maxwell,22,18.0,0.0,1,DD,2012
5,0,0,23.84,3/19,2.0,7.42,17,17.0,2,61.0,UT Yadav,453,19.2,0.0,19,DD,2012
6,0,0,58.12,2/46,8.0,7.75,17,17.0,2,60.0,IK Pathan,465,45.0,0.0,8,DD,2012
7,0,0,10.66,3/32,1.0,8.00,1,1.0,0,4.0,DAJ Bracewell,32,8.0,0.0,3,DD,2012
8,0,0,33.87,2/19,1.0,8.74,8,8.0,0,31.0,VR Aaron,271,23.2,0.0,8,DD,2012
9,0,0,0.0,0.0,3.0,8.83,3,8.0,0,6.0,KP Pietersen,53,0.0,0.0,0,DD,2012
10,0,0,44.66,2/27,2.0,9.34,4,4.0,0,14.2,AB Agarkar,134,28.6,0.0,3,DD,2012
11,0,0,0.0,0.0,4.0,10.00,1,13.0,0,1.0,Y Nagar,10,0.0,0.0,0,DD,2012
12,0,0,161.00,1/51,0.0,10.06,4,4.0,0,16.0,AD Russell,161,96.0,0.0,1,DD,2012
13,0,0,0.0,0.0,7.0,11.25,3,16.0,0,4.0,V Sehwag,45,0.0,0.0,0,DD,2012
14,0,0,0.0,0.0,0.0,13.00,2,10.0,0,2.0,Y Venugopal Rao,26,0.0,0.0,0,DD,2012
15,0,0,0.0,0.0,0.0,15.66,1,1.0,0,3.0,Sunny Gupta,47,0.0,0.0,0,DD,2012
16,0.0,0.0,0.0,0.0,1.0,0.0,0.0,2.0,0.0,0.0,UBT Chand,0.0,0.0,0.0,0.0,DD,2012
17,0.0,0.0,0.0,0.0,0.0,0.0,0.0,2.0,0.0,0.0,AJ Finch,0.0,0.0,0.0,0.0,DD,2012
18,0.0,0.0,0.0,0.0,6.0,0.0,0.0,16.0,0.0,0.0,DPMD Jayawardene,0.0,0.0,0.0,0.0,DD,2012
19,0.0,0.0,0.0,0.0,14.0,0.0,0.0,18.0,0.0,0.0,NV Ojha,0.0,0.0,2.0,0.0,DD,2012
20,0.0,0.0,0.0,0.0,3.0,0.0,0.0,12.0,0.0,0.0,LRPL Taylor,0.0,0.0,0.0,0.0,DD,2012
21,0.0,0.0,0.0,0.0,1.0,0.0,0.0,8.0,0.0,0.0,DA Warner,0.0,0.0,0.0,0.0,DD,2012
0,1.0,1.0,13.50,5/19,,5.47,15.0,15.0,1.0,59.1,SP Narine,324.0,14.7,,24.0,KKR,2012
1,0.0,0.0,26.86,2/7,,7.46,16.0,17.0,0.0,54.0,JH Kallis,403.0,21.6,,15.0,KKR,2012
2,0.0,0.0,29.92,2/14,,7.31,16.0,17.0,0.0,53.1,R Bhatia,389.0,24.5,,13.0,KKR,2012
3,0.0,0.0,16.25,3/17,,6.5,8.0,8.0,0.0,30.0,Shakib Al Hasan,195.0,15.0,,12.0,KKR,2012
4,1.0,0.0,14.72,4/18,,5.4,8.0,8.0,1.0,30.0,L Balaji,162.0,16.3,,11.0,KKR,2012
5,0.0,0.0,42.71,2/26,,7.86,10.0,10.0,1.0,38.0,B Lee,299.0,32.5,,7.0,KKR,2012
6,0.0,0.0,36.00,1/20,,6.54,8.0,9.0,0.0,22.0,Iqbal Abdulla,144.0,33.0,,4.0,KKR,2012
7,0.0,0.0,35.66,3/34,,10.7,3.0,3.0,0.0,10.0,M de Lange,107.0,20.0,,3.0,KKR,2012
8,0.0,0.0,60.66,2/12,,8.27,12.0,17.0,0.0,22.0,YK Pathan,182.0,44.0,,3.0,KKR,2012
9,0.0,0.0,12.00,1/5,,6.0,2.0,11.0,0.0,2.0,LR Shukla,12.0,12.0,,1.0,KKR,2012
10,0.0,0.0,24.00,1/24,,8.0,1.0,3.0,0.0,3.0,RN ten Doeschate,24.0,18.0,,1.0,KKR,2012
11,0.0,0.0,42.00,1/42,,10.5,1.0,1.0,0.0,4.0,PJ Sangwan,42.0,24.0,,1.0,KKR,2012
12,0.0,0.0,0.0,0.0,,10.66,1.0,1.0,0.0,3.0,JD Unadkat,32.0,0.0,,0.0,KKR,2012
13,,,,,,,,,,,Records includes the following current or recent matches:,,,,,KKR,2012
14,,,,,,,,,,,"Kolkata Knight Riders v Chennai Super Kings at Chennai, Indian Premier League final, May 27, 2012
[Twenty20]",,,,,KKR,2012
15,,,,,,,,,,,"Delhi Daredevils v Kolkata Knight Riders at Pune, Indian Premier League 1st qualifying final, May 22, 2012
[Twenty20]",,,,,KKR,2012
16,,,,,,,,,,,"Pune Warriors v Kolkata Knight Riders at Pune, Indian Premier League 70th match, May 19, 2012
[Twenty20]",,,,,KKR,2012
0,0,1,15.00,5/25,2.0,6.56,4,4.0,0,16.0,AD Mascarenhas,105,13.7,0.0,7,KP,2012
1,0,0,48.22,2/15,1.0,6.88,16,16.0,2,63.0,P Kumar,434,42.0,0.0,9,KP,2012
2,0,0,21.00,2/2,4.0,7.00,6,16.0,0,9.0,DJ Hussey,63,18.0,0.0,3,KP,2012
3,1,0,16.25,4/34,2.0,7.22,5,5.0,0,18.0,RJ Harris,130,13.5,0.0,8,KP,2012
4,0,0,26.18,3/18,3.0,7.35,16,16.0,1,57.0,PP Chawla,419,21.3,0.0,16,KP,2012
5,0,0,23.50,3/20,7.0,7.71,11,11.0,0,42.4,Azhar Mahmood,329,18.2,0.0,14,KP,2012
6,1,0,21.88,4/34,3.0,7.91,12,12.0,0,47.0,P Awana,372,16.5,0.0,17,KP,2012
7,0,0,68.00,2/24,0.0,8.24,5,5.0,0,16.3,BA Bhatt,136,49.5,0.0,2,KP,2012
8,0,0,27.28,3/24,1.0,8.55,7,7.0,0,22.2,Harmeet Singh,191,19.1,0.0,7,KP,2012
9,0,0,24.00,2/41,1.0,9.00,2,2.0,0,8.0,JP Faulkner,72,16.0,0.0,3,KP,2012
10,0,0,0.0,0.0,1.0,10.30,3,5.0,0,7.4,Bipul Sharma,79,0.0,0.0,0,KP,2012
11,0,0,0.0,0.0,0.0,10.66,1,1.0,0,3.0,RR Powar,32,0.0,0.0,0,KP,2012
12,0,0,0.0,0.0,0.0,16.00,1,4.0,0,1.0,AM Nayar,16,0.0,0.0,0,KP,2012
13,0,0,0.0,0.0,1.0,16.00,1,6.0,0,1.0,PC Valthaty,16,0.0,0.0,0,KP,2012
14,0.0,0.0,0.0,0.0,1.0,0.0,0.0,6.0,0.0,0.0,SD Chitnis,0.0,0.0,0.0,0.0,KP,2012
15,0.0,0.0,0.0,0.0,1.0,0.0,0.0,3.0,0.0,0.0,P Dogra,0.0,0.0,0.0,0.0,KP,2012
16,0.0,0.0,0.0,0.0,5.0,0.0,0.0,7.0,0.0,0.0,AC Gilchrist,0.0,0.0,0.0,0.0,KP,2012
17,0.0,0.0,0.0,0.0,2.0,0.0,0.0,5.0,0.0,0.0,Gurkeerat Singh,0.0,0.0,0.0,0.0,KP,2012
18,0.0,0.0,0.0,0.0,5.0,0.0,0.0,16.0,0.0,0.0,Mandeep Singh,0.0,0.0,0.0,0.0,KP,2012
19,0.0,0.0,0.0,0.0,8.0,0.0,0.0,13.0,0.0,0.0,SE Marsh,0.0,0.0,0.0,0.0,KP,2012
20,0.0,0.0,0.0,0.0,1.0,0.0,0.0,6.0,0.0,0.0,DA Miller,0.0,0.0,0.0,0.0,KP,2012
21,0.0,0.0,0.0,0.0,11.0,0.0,0.0,10.0,0.0,0.0,N Saini,0.0,0.0,2.0,0.0,KP,2012
0,1,0,15.90,4/16,6.0,6.30,14,14.0,1,55.3,SL Malinga,350,15.1,0.0,22,MI,2012
1,0,0,64.00,2/13,6.0,7.11,16,17.0,1,54.0,Harbhajan Singh,384,54.0,0.0,6,MI,2012
2,0,0,47.50,1/8,1.0,7.30,6,7.0,0,13.0,DR Smith,95,39.0,0.0,2,MI,2012
3,0,0,24.44,2/17,1.0,7.33,9,9.0,0,30.0,PP Ojha,220,20.0,0.0,9,MI,2012
4,0,0,31.80,3/28,3.0,7.75,11,11.0,0,41.0,RP Singh,318,24.6,0.0,10,MI,2012
5,2,0,24.46,4/20,5.0,7.86,12,12.0,2,46.4,MM Patel,367,18.6,0.0,15,MI,2012
6,1,0,21.87,4/44,6.0,7.98,14,14.0,0,43.5,KA Pollard,350,16.4,0.0,16,MI,2012
7,0,0,10.66,3/18,2.0,8.00,2,2.0,1,8.0,DS Kulkarni,64,8.0,0.0,6,MI,2012
8,0,0,20.16,2/18,4.0,8.06,9,12.0,0,15.0,JEC Franklin,121,15.0,0.0,6,MI,2012
9,0,0,0.0,0.0,0.0,8.50,1,1.0,0,2.0,AN Ahmed,17,0.0,0.0,0,MI,2012
10,0,0,60.00,1/36,0.0,8.57,2,2.0,0,7.0,CJ McKay,60,42.0,0.0,1,MI,2012
11,0,0,23.33,3/37,1.0,8.75,4,5.0,0,8.0,RJ Peterson,70,16.0,0.0,3,MI,2012
12,0,0,0.0,0.0,0.0,10.33,1,1.0,0,3.0,R Shukla,31,0.0,0.0,0,MI,2012
13,0,0,0.0,0.0,2.0,10.80,2,2.0,0,2.3,NLTC Perera,27,0.0,0.0,0,MI,2012
14,0,0,0.0,0.0,13.0,16.00,1,17.0,0,1.0,RG Sharma,16,0.0,0.0,0,MI,2012
15,0.0,0.0,0.0,0.0,0.0,0.0,0.0,1.0,0.0,0.0,AC Blizzard,0.0,0.0,0.0,0.0,MI,2012
16,0.0,0.0,0.0,0.0,0.0,0.0,0.0,3.0,0.0,0.0,HH Gibbs,0.0,0.0,0.0,0.0,MI,2012
17,0.0,0.0,0.0,0.0,1.0,0.0,0.0,1.0,0.0,0.0,DJ Jacobs,0.0,0.0,0.0,0.0,MI,2012
18,0.0,0.0,0.0,0.0,5.0,0.0,0.0,17.0,0.0,0.0,KD Karthik,0.0,0.0,2.0,0.0,MI,2012
19,0.0,0.0,0.0,0.0,2.0,0.0,0.0,6.0,0.0,0.0,RE Levi,0.0,0.0,0.0,0.0,MI,2012
20,0.0,0.0,0.0,0.0,2.0,0.0,0.0,17.0,0.0,0.0,AT Rayudu,0.0,0.0,0.0,0.0,MI,2012
21,0.0,0.0,0.0,0.0,1.0,0.0,0.0,2.0,0.0,0.0,TL Suman,0.0,0.0,0.0,0.0,MI,2012
22,0.0,0.0,0.0,0.0,0.0,0.0,0.0,13.0,0.0,0.0,SR Tendulkar,0.0,0.0,0.0,0.0,MI,2012
23,0.0,0.0,0.0,0.0,0.0,0.0,0.0,1.0,0.0,0.0,SA Yadav,0.0,0.0,0.0,0.0,MI,2012
0,0,0,0.0,0.0,0.0,5.50,1,1.0,0,2.0,AG Murtaza,11,0.0,0.0,0,PW,2012
1,0,0,33.50,1/12,1.0,6.09,5,6.0,0,11.0,MJ Clarke,67,33.0,0.0,2,PW,2012
2,0,0,25.60,2/18,1.0,6.09,6,6.0,1,21.0,WD Parnell,128,25.2,0.0,5,PW,2012
3,1,0,18.77,4/18,1.0,7.04,7,7.0,1,24.0,AB Dinda,169,16.0,0.0,9,PW,2012
4,0,0,35.12,2/9,0.0,7.20,11,11.0,0,39.0,B Kumar,281,29.2,0.0,8,PW,2012
5,0,0,27.42,2/17,3.0,7.38,9,9.0,0,26.0,AD Mathews,192,22.2,0.0,7,PW,2012
6,0,0,66.50,2/14,4.0,7.38,11,11.0,0,36.0,M Kartik,266,54.0,0.0,4,PW,2012
7,0,0,27.00,3/39,0.0,7.53,8,8.0,0,28.4,MN Samuels,216,21.5,0.0,8,PW,2012
8,0,0,36.33,3/22,1.0,7.78,4,4.0,0,14.0,AC Thomas,109,28.0,0.0,3,PW,2012
9,0,0,33.33,2/16,2.0,8.10,11,11.0,0,37.0,R Sharma,300,24.6,0.0,9,PW,2012
10,0,0,0.0,0.0,0.0,8.25,1,1.0,0,4.0,K Upadhyay,33,0.0,0.0,0,PW,2012
11,0,0,36.54,3/23,1.0,8.37,13,13.0,0,48.0,A Nehra,402,26.1,0.0,11,PW,2012
12,0,0,47.50,2/27,6.0,9.50,4,15.0,0,10.0,SC Ganguly,95,30.0,0.0,2,PW,2012
13,0,0,70.00,1/25,4.0,10.00,4,11.0,0,7.0,JD Ryder,70,42.0,0.0,1,PW,2012
14,0,0,0.0,0.0,0.0,12.00,1,1.0,0,2.0,LJ Wright,24,0.0,0.0,0,PW,2012
15,0,0,0.0,0.0,10.0,15.00,1,15.0,0,0.2,SPD Smith,5,0.0,0.0,0,PW,2012
16,0.0,0.0,0.0,0.0,1.0,0.0,0.0,4.0,0.0,0.0,CJ Ferguson,0.0,0.0,0.0,0.0,PW,2012
17,0.0,0.0,0.0,0.0,0.0,0.0,0.0,1.0,0.0,0.0,Harpreet Singh,0.0,0.0,0.0,0.0,PW,2012
18,0.0,0.0,0.0,0.0,0.0,0.0,0.0,4.0,0.0,0.0,AP Majumdar,0.0,0.0,0.0,0.0,PW,2012
19,0.0,0.0,0.0,0.0,4.0,0.0,0.0,10.0,0.0,0.0,M Manhas,0.0,0.0,0.0,0.0,PW,2012
20,0.0,0.0,0.0,0.0,0.0,0.0,0.0,1.0,0.0,0.0,MD Mishra,0.0,0.0,0.0,0.0,PW,2012
21,0.0,0.0,0.0,0.0,3.0,0.0,0.0,10.0,0.0,0.0,MK Pandey,0.0,0.0,0.0,0.0,PW,2012
22,0.0,0.0,0.0,0.0,6.0,0.0,0.0,16.0,0.0,0.0,RV Uthappa,0.0,0.0,3.0,0.0,PW,2012
0,0,0,12.20,2/25,0.0,6.10,3,4.0,0,10.0,AB McDonald,61,12.0,0.0,5,RCB,2012
1,0,0,17.33,3/21,2.0,6.50,10,10.0,0,40.0,M Muralitharan,260,16.0,0.0,15,RCB,2012
2,0,0,47.20,1/20,3.0,6.74,9,9.0,0,35.0,DL Vettori,236,42.0,0.0,5,RCB,2012
3,0,0,26.64,3/38,5.0,7.55,15,16.0,1,60.0,Z Khan,453,21.1,0.0,17,RCB,2012
4,0,0,37.77,2/24,8.0,8.29,11,12.0,0,41.0,HV Patel,340,27.3,0.0,9,RCB,2012
5,0,0,25.26,3/22,6.0,8.59,14,15.0,0,55.5,R Vinay Kumar,480,17.6,0.0,19,RCB,2012
6,0,0,17.40,3/30,1.0,8.70,3,3.0,0,10.0,P Parameswaran,87,12.0,0.0,5,RCB,2012
7,1,0,24.66,4/19,1.0,8.70,6,7.0,0,17.0,KP Appanna,148,17.0,0.0,6,RCB,2012
8,0,0,0.0,0.0,0.0,9.28,2,2.0,0,7.0,J Syed Mohammad,65,0.0,0.0,0,RCB,2012
9,0,0,0.0,0.0,4.0,11.00,5,10.0,0,7.0,TM Dilshan,77,0.0,0.0,0,RCB,2012
10,0,0,0.0,0.0,0.0,11.00,1,1.0,0,3.0,A Mithun,33,0.0,0.0,0,RCB,2012
11,0,0,0.0,0.0,0.0,14.00,1,2.0,0,1.0,AUK Pathan,14,0.0,0.0,0,RCB,2012
12,0,0,0.0,0.0,2.0,14.14,3,15.0,0,4.4,CH Gayle,66,0.0,0.0,0,RCB,2012
13,0,0,0.0,0.0,0.0,16.00,1,1.0,0,3.0,S Aravind,48,0.0,0.0,0,RCB,2012
14,0,0,0.0,0.0,7.0,16.33,2,16.0,0,3.0,V Kohli,49,0.0,0.0,0,RCB,2012
15,0,0,0.0,0.0,1.0,17.50,1,1.0,0,2.0,RR Bhatkal,35,0.0,0.0,0,RCB,2012
16,0.0,0.0,0.0,0.0,9.0,0.0,0.0,16.0,0.0,0.0,MA Agarwal,0.0,0.0,0.0,0.0,RCB,2012
17,0.0,0.0,0.0,0.0,0.0,0.0,0.0,1.0,0.0,0.0,KB Arun Karthik,0.0,0.0,0.0,0.0,RCB,2012
18,0.0,0.0,0.0,0.0,4.0,0.0,0.0,16.0,0.0,0.0,AB de Villiers,0.0,0.0,5.0,0.0,RCB,2012
19,0.0,0.0,0.0,0.0,0.0,0.0,0.0,1.0,0.0,0.0,M Kaif,0.0,0.0,0.0,0.0,RCB,2012
20,0.0,0.0,0.0,0.0,2.0,0.0,0.0,3.0,0.0,0.0,CA Pujara,0.0,0.0,0.0,0.0,RCB,2012
21,0.0,0.0,0.0,0.0,3.0,0.0,0.0,15.0,0.0,0.0,SS Tiwary,0.0,0.0,0.0,0.0,RCB,2012
0,1,0,17.20,4/13,3.0,6.14,4,4.0,0,14.0,A Chandila,86,16.8,0.0,5,RR,2012
1,0,0,25.16,3/13,1.0,6.61,6,6.0,0,22.5,SW Tait,151,22.8,0.0,6,RR,2012
2,0,0,23.00,1/3,2.0,6.90,3,15.0,0,3.2,AL Menaria,23,20.0,0.0,1,RR,2012
3,0,0,26.83,2/19,2.0,7.00,7,7.0,1,23.0,SR Watson,161,23.0,0.0,6,RR,2012
4,0,0,25.30,2/31,1.0,7.02,9,9.0,0,36.0,GB Hogg,253,21.6,0.0,10,RR,2012
5,0,0,33.00,2/21,3.0,7.24,11,11.0,0,41.0,J Botha,297,27.3,0.0,9,RR,2012
6,1,0,17.40,4/26,2.0,7.25,6,6.0,1,24.0,KK Cooper,174,14.4,0.0,10,RR,2012
7,1,0,29.23,4/25,4.0,7.30,14,14.0,1,52.0,SK Trivedi,380,24.0,0.0,13,RR,2012
8,0,0,26.00,1/8,1.0,7.80,6,8.0,0,10.0,STR Binny,78,20.0,0.0,3,RR,2012
9,0,0,24.28,2/18,0.0,8.09,6,6.0,0,21.0,Pankaj Singh,170,18.0,0.0,7,RR,2012
10,0,0,33.71,2/23,2.0,8.63,8,8.0,0,27.2,AA Chavan,236,23.4,0.0,7,RR,2012
11,0,0,31.00,2/29,1.0,9.44,9,9.0,0,32.5,A Singh,310,19.7,0.0,10,RR,2012
12,0,0,21.00,1/13,7.0,10.50,2,12.0,0,2.0,BJ Hodge,21,12.0,0.0,1,RR,2012
13,0.0,0.0,0.0,0.0,5.0,0.0,0.0,16.0,0.0,0.0,R Dravid,0.0,0.0,0.0,0.0,RR,2012
14,0.0,0.0,0.0,0.0,4.0,0.0,0.0,11.0,0.0,0.0,SP Goswami,0.0,0.0,4.0,0.0,RR,2012
15,0.0,0.0,0.0,0.0,11.0,0.0,0.0,16.0,0.0,0.0,AM Rahane,0.0,0.0,0.0,0.0,RR,2012
16,0.0,0.0,0.0,0.0,5.0,0.0,0.0,13.0,0.0,0.0,OA Shah,0.0,0.0,0.0,0.0,RR,2012
17,0.0,0.0,0.0,0.0,2.0,0.0,0.0,5.0,0.0,0.0,DH Yagnik,0.0,0.0,0.0,0.0,RR,2012
0,0,0,16.30,3/10,2.0,6.43,15,15.0,0,50.4,MM Sharma,326,15.2,0.0,20,CSK,2013
1,0,0,22.71,3/32,2.0,6.62,7,8.0,0,24.0,JA Morkel,159,20.5,0.0,7,CSK,2013
2,0,0,26.00,2/18,4.0,6.72,18,18.0,1,58.0,R Ashwin,390,23.2,0.0,15,CSK,2013
3,0,0,24.84,3/20,6.0,7.48,15,18.0,0,43.1,RA Jadeja,323,19.9,0.0,13,CSK,2013
4,1,0,15.53,4/42,14.0,7.95,18,18.0,0,62.3,DJ Bravo,497,11.7,0.0,32,CSK,2013
5,0,0,39.50,2/17,3.0,7.96,5,5.0,0,19.5,DP Nannes,158,29.7,0.0,4,CSK,2013
6,0,0,26.73,3/40,5.0,8.02,16,16.0,0,50.0,CH Morris,401,20.0,0.0,15,CSK,2013
7,0,0,84.00,2/20,3.0,8.40,6,6.0,0,20.0,JO Holder,168,60.0,0.0,2,CSK,2013
8,0,0,35.00,1/25,0.0,8.75,2,2.0,0,4.0,AS Rajpoot,35,24.0,0.0,1,CSK,2013
9,0,0,71.00,1/25,0.0,10.14,2,2.0,0,7.0,B Laughlin,71,42.0,0.0,1,CSK,2013
10,0,0,23.00,1/4,10.0,11.50,2,18.0,0,2.0,SK Raina,23,12.0,0.0,1,CSK,2013
11,0.0,0.0,0.0,0.0,0.0,0.0,0.0,1.0,0.0,0.0,S Anirudha,0.0,0.0,0.0,0.0,CSK,2013
12,0.0,0.0,0.0,0.0,1.0,0.0,0.0,18.0,0.0,0.0,S Badrinath,0.0,0.0,0.0,0.0,CSK,2013
13,0.0,0.0,0.0,0.0,15.0,0.0,0.0,18.0,0.0,0.0,MS Dhoni,0.0,0.0,2.0,0.0,CSK,2013
14,0.0,0.0,0.0,0.0,10.0,0.0,0.0,17.0,0.0,0.0,MEK Hussey,0.0,0.0,0.0,0.0,CSK,2013
15,0.0,0.0,0.0,0.0,0.0,0.0,0.0,3.0,0.0,0.0,WP Saha,0.0,0.0,0.0,0.0,CSK,2013
16,0.0,0.0,0.0,0.0,8.0,0.0,0.0,15.0,0.0,0.0,M Vijay,0.0,0.0,0.0,0.0,CSK,2013
0,0,0,28.77,2/17,5.0,5.88,12,12.0,1,44.0,S Nadeem,259,29.3,0.0,9,DD,2013
1,0,0,23.66,1/17,0.0,6.45,3,3.0,1,11.0,RE van der Merwe,71,22.0,0.0,3,DD,2013
2,0,0,21.80,2/11,5.0,6.54,6,6.0,0,16.4,J Botha,109,20.0,0.0,5,DD,2013
3,0,0,0.0,0.0,0.0,7.00,1,1.0,0,4.0,P Negi,28,0.0,0.0,0,DD,2013
4,0,0,36.00,1/16,2.0,7.20,2,3.0,0,5.0,BMAJ Mendis,36,30.0,0.0,1,DD,2013
5,0,0,38.20,2/29,4.0,7.44,15,15.0,3,51.2,IK Pathan,382,30.8,0.0,10,DD,2013
6,0,0,42.50,2/27,1.0,7.78,6,6.0,2,21.5,S Kaul,170,32.7,0.0,4,DD,2013
7,0,0,47.85,2/27,0.0,8.37,10,10.0,0,40.0,M Morkel,335,34.2,0.0,7,DD,2013
8,0,0,28.72,2/35,1.0,8.77,10,10.0,0,36.0,A Nehra,316,19.6,0.0,11,DD,2013
9,1,0,31.75,4/24,5.0,8.78,16,16.0,0,57.5,UT Yadav,508,21.6,0.0,16,DD,2013
10,0,0,0.0,0.0,5.0,9.00,1,13.0,0,1.0,V Sehwag,9,0.0,0.0,0,DD,2013
11,0,0,0.0,0.0,1.0,9.20,4,4.0,0,10.0,AB Agarkar,92,0.0,0.0,0,DD,2013
12,0,0,0.0,0.0,1.0,9.71,3,3.0,0,7.0,AD Russell,68,0.0,0.0,0,DD,2013
13,0,0,0.0,0.0,3.0,12.00,1,8.0,0,1.0,BJ Rohrer,12,0.0,0.0,0,DD,2013
14,0.0,0.0,0.0,0.0,4.0,0.0,0.0,9.0,0.0,0.0,UBT Chand,0.0,0.0,0.0,0.0,DD,2013
15,0.0,0.0,0.0,0.0,0.0,0.0,0.0,1.0,0.0,0.0,B Chipli,0.0,0.0,0.0,0.0,DD,2013
16,0.0,0.0,0.0,0.0,0.0,0.0,0.0,3.0,0.0,0.0,CM Gautam,0.0,0.0,0.0,0.0,DD,2013
17,0.0,0.0,0.0,0.0,4.0,0.0,0.0,12.0,0.0,0.0,KM Jadhav,0.0,0.0,2.0,0.0,DD,2013
18,0.0,0.0,0.0,0.0,4.0,0.0,0.0,15.0,0.0,0.0,DPMD Jayawardene,0.0,0.0,0.0,0.0,DD,2013
19,0.0,0.0,0.0,0.0,0.0,0.0,0.0,7.0,0.0,0.0,MC Juneja,0.0,0.0,0.0,0.0,DD,2013
20,0.0,0.0,0.0,0.0,1.0,0.0,0.0,2.0,0.0,0.0,NV Ojha,0.0,0.0,0.0,0.0,DD,2013
21,0.0,0.0,0.0,0.0,0.0,0.0,0.0,1.0,0.0,0.0,Y Venugopal Rao,0.0,0.0,0.0,0.0,DD,2013
22,0.0,0.0,0.0,0.0,6.0,0.0,0.0,16.0,0.0,0.0,DA Warner,0.0,0.0,0.0,0.0,DD,2013
0,2.0,0.0,15.90,4/13,,5.46,16.0,16.0,1.0,64.0,SP Narine,350.0,17.4,,22.0,KKR,2013
1,0.0,0.0,24.62,3/13,,7.43,15.0,16.0,1.0,53.0,JH Kallis,394.0,19.8,,16.0,KKR,2013
2,0.0,0.0,32.25,3/19,,7.74,13.0,13.0,1.0,50.0,L Balaji,387.0,25.0,,12.0,KKR,2013
3,0.0,0.0,30.18,2/23,,7.57,15.0,15.0,0.0,43.5,R Bhatia,332.0,23.9,,11.0,KKR,2013
4,0.0,0.0,23.22,2/26,,6.53,8.0,8.0,1.0,32.0,SMSM Senanayake,209.0,21.3,,9.0,KKR,2013
5,0.0,0.0,20.28,3/29,,7.53,5.0,5.0,0.0,18.5,Iqbal Abdulla,142.0,16.1,,7.0,KKR,2013
6,0.0,0.0,21.50,2/40,,7.16,3.0,3.0,0.0,12.0,B Lee,86.0,18.0,,4.0,KKR,2013
7,0.0,0.0,31.33,2/60,,13.42,2.0,2.0,0.0,7.0,R McLaren,94.0,14.0,,3.0,KKR,2013
8,0.0,0.0,18.00,1/18,,9.0,1.0,1.0,0.0,2.0,S Ladda,18.0,12.0,,1.0,KKR,2013
9,0.0,0.0,22.00,1/14,,7.33,2.0,4.0,0.0,3.0,LR Shukla,22.0,18.0,,1.0,KKR,2013
10,0.0,0.0,73.00,1/9,,8.11,5.0,16.0,0.0,9.0,YK Pathan,73.0,54.0,,1.0,KKR,2013
11,0.0,0.0,78.00,1/32,,8.66,3.0,3.0,0.0,9.0,Mohammed Shami,78.0,54.0,,1.0,KKR,2013
12,0.0,0.0,0.0,0.0,,8.5,1.0,2.0,0.0,2.0,S Narwal,17.0,0.0,,0.0,KKR,2013
13,0.0,0.0,0.0,0.0,,8.0,3.0,4.0,0.0,3.0,RN ten Doeschate,24.0,0.0,,0.0,KKR,2013
14,0.0,0.0,0.0,0.0,,12.75,2.0,2.0,0.0,4.0,PJ Sangwan,51.0,0.0,,0.0,KKR,2013
15,,,,,,,,,,,Records includes the following current or recent matches:,,,,,KKR,2013
16,,,,,,,,,,,"Sunrisers Hyderabad v Kolkata Knight Riders at Hyderabad (Deccan), Indian Premier League 72nd match, May 19, 2013
[Twenty20]",,,,,KKR,2013
17,,,,,,,,,,,"Kolkata Knight Riders v Pune Warriors at Ranchi, Indian Premier League 65th match, May 15, 2013
[Twenty20]",,,,,KKR,2013
18,,,,,,,,,,,"Kolkata Knight Riders v Royal Challengers Bangalore at Ranchi, Indian Premier League 60th match, May 12, 2013
[Twenty20]",,,,,KKR,2013
0,0,0,0.00,1/0,12.0,0.00,1,13.0,0,0.1,AC Gilchrist,0,1.0,0.0,1,KP,2013
1,0,0,21.00,1/21,0.0,5.25,1,1.0,0,4.0,Bipul Sharma,21,24.0,0.0,1,KP,2013
2,0,0,72.00,1/12,0.0,6.00,3,3.0,0,12.0,RJ Harris,72,72.0,0.0,1,KP,2013
3,0,0,0.0,0.0,0.0,6.25,1,1.0,0,4.0,AD Mascarenhas,25,0.0,0.0,0,KP,2013
4,0,0,32.00,1/11,0.0,6.40,2,2.0,0,5.0,BA Bhatt,32,30.0,0.0,1,KP,2013
5,0,0,31.08,2/10,1.0,6.62,15,15.0,3,56.2,P Kumar,373,28.1,0.0,12,KP,2013
6,0,0,38.00,2/20,1.0,7.16,16,16.0,0,58.2,PP Chawla,418,31.8,0.0,11,KP,2013
7,0,0,14.87,3/21,0.0,7.43,4,4.0,1,16.0,Sandeep Sharma,119,12.0,0.0,8,KP,2013
8,0,0,22.00,3/21,1.0,7.52,11,11.0,0,43.5,Azhar Mahmood,330,17.5,0.0,15,KP,2013
9,0,0,27.46,3/39,1.0,7.62,14,14.0,1,54.0,P Awana,412,21.6,0.0,15,KP,2013
10,0,0,17.40,3/24,1.0,7.67,3,3.0,0,11.2,Harmeet Singh,87,13.6,0.0,5,KP,2013
11,0,0,0.0,0.0,4.0,8.27,4,12.0,0,11.0,DJ Hussey,91,0.0,0.0,0,KP,2013
12,0,0,36.57,2/24,0.0,9.14,8,8.0,0,28.0,MS Gony,256,24.0,0.0,7,KP,2013
13,0,0,0.0,0.0,0.0,12.75,3,9.0,0,4.0,R Sathish,51,0.0,0.0,0,KP,2013
14,0,0,0.0,0.0,0.0,15.50,1,1.0,0,4.0,MG Neser,62,0.0,0.0,0,KP,2013
15,0.0,0.0,0.0,0.0,4.0,0.0,0.0,11.0,0.0,0.0,Gurkeerat Singh,0.0,0.0,1.0,0.0,KP,2013
16,0.0,0.0,0.0,0.0,6.0,0.0,0.0,16.0,0.0,0.0,Mandeep Singh,0.0,0.0,0.0,0.0,KP,2013
17,0.0,0.0,0.0,0.0,3.0,0.0,0.0,8.0,0.0,0.0,SE Marsh,0.0,0.0,0.0,0.0,KP,2013
18,0.0,0.0,0.0,0.0,8.0,0.0,0.0,12.0,0.0,0.0,DA Miller,0.0,0.0,0.0,0.0,KP,2013
19,0.0,0.0,0.0,0.0,0.0,0.0,0.0,3.0,0.0,0.0,LA Pomersbach,0.0,0.0,0.0,0.0,KP,2013
20,0.0,0.0,0.0,0.0,0.0,0.0,0.0,1.0,0.0,0.0,PC Valthaty,0.0,0.0,0.0,0.0,KP,2013
21,0.0,0.0,0.0,0.0,3.0,0.0,0.0,12.0,0.0,0.0,M Vohra,0.0,0.0,0.0,0.0,KP,2013
0,0,0,0.0,0.0,7.0,4.50,2,19.0,0,1.2,RG Sharma,6,0.0,0.0,0,MI,2013
1,0,0,0.0,0.0,0.0,5.50,1,1.0,0,4.0,JDP Oram,22,0.0,0.0,0,MI,2013
2,0,0,15.00,2/27,1.0,6.42,2,2.0,0,7.0,AN Ahmed,45,14.0,0.0,3,MI,2013
3,0,0,19.00,3/14,9.0,6.51,19,19.0,0,70.0,Harbhajan Singh,456,17.5,0.0,24,MI,2013
4,0,0,21.00,1/21,1.0,7.00,1,1.0,0,3.0,P Suyal,21,18.0,0.0,1,MI,2013
5,0,0,23.40,3/39,3.0,7.16,17,17.0,0,65.2,SL Malinga,468,19.6,0.0,20,MI,2013
6,0,0,19.12,3/27,7.0,7.17,17,17.0,0,64.0,MG Johnson,459,16.0,0.0,24,MI,2013
7,0,0,29.00,1/29,1.0,7.25,1,1.0,0,4.0,NM Coulter-Nile,29,24.0,0.0,1,MI,2013
8,0,0,54.50,1/6,3.0,7.26,5,6.0,1,15.0,R Dhawan,109,45.0,0.0,2,MI,2013
9,0,0,23.81,3/11,2.0,7.28,15,16.0,0,52.2,PP Ojha,381,19.6,0.0,16,MI,2013
10,0,0,18.87,3/19,0.0,8.08,6,6.0,0,18.4,DS Kulkarni,151,14.0,0.0,8,MI,2013
11,0,0,0.0,0.0,0.0,8.50,1,1.0,0,4.0,YS Chahal,34,0.0,0.0,0,MI,2013
12,0,0,45.66,3/29,0.0,9.13,4,4.0,0,15.0,MM Patel,137,30.0,0.0,3,MI,2013
13,0,0,29.20,2/6,12.0,9.41,14,18.0,0,31.0,KA Pollard,292,18.6,0.0,10,MI,2013
14,0,0,23.33,3/32,0.0,10.00,2,2.0,0,7.0,JJ Bumrah,70,14.0,0.0,3,MI,2013
15,0,0,0.0,0.0,1.0,11.50,2,3.0,0,2.0,GJ Maxwell,23,0.0,0.0,0,MI,2013
16,0,0,29.50,2/20,8.0,11.80,3,13.0,0,5.0,DR Smith,59,15.0,0.0,2,MI,2013
17,0.0,0.0,0.0,0.0,12.0,0.0,0.0,19.0,0.0,0.0,KD Karthik,0.0,0.0,2.0,0.0,MI,2013
18,0.0,0.0,0.0,0.0,2.0,0.0,0.0,6.0,0.0,0.0,RT Ponting,0.0,0.0,0.0,0.0,MI,2013
19,0.0,0.0,0.0,0.0,8.0,0.0,0.0,19.0,0.0,0.0,AT Rayudu,0.0,0.0,0.0,0.0,MI,2013
20,0.0,0.0,0.0,0.0,0.0,0.0,0.0,5.0,0.0,0.0,AP Tare,0.0,0.0,0.0,0.0,MI,2013
21,0.0,0.0,0.0,0.0,4.0,0.0,0.0,14.0,0.0,0.0,SR Tendulkar,0.0,0.0,0.0,0.0,MI,2013
0,0,0,0.0,0.0,2.0,5.00,1,2.0,0,1.0,RV Gomez,5,0.0,0.0,0,PW,2013
1,0,0,28.00,1/23,0.0,5.60,2,2.0,0,5.0,Parvez Rasool,28,30.0,0.0,1,PW,2013
2,0,0,39.00,1/15,0.0,6.50,3,3.0,0,12.0,BAW Mendis,78,36.0,0.0,2,PW,2013
3,0,0,28.53,3/18,2.0,6.50,16,16.0,2,57.0,B Kumar,371,26.3,0.0,13,PW,2013
4,0,0,31.22,2/16,2.0,6.85,11,11.0,0,41.0,R Sharma,281,27.3,0.0,9,PW,2013
5,0,0,25.33,2/27,1.0,6.90,10,13.0,0,22.0,Yuvraj Singh,152,22.0,0.0,6,PW,2013
6,0,0,29.50,1/15,1.0,7.37,3,11.0,0,8.0,AM Nayar,59,24.0,0.0,2,PW,2013
7,0,0,15.00,1/15,2.0,7.50,1,7.0,0,2.0,TL Suman,15,12.0,0.0,1,PW,2013
8,0,0,48.00,3/14,5.0,7.74,10,11.0,0,31.0,AD Mathews,240,37.2,0.0,5,PW,2013
9,0,0,34.00,1/34,1.0,8.50,1,2.0,0,4.0,MN Samuels,34,24.0,0.0,1,PW,2013
10,0,0,50.50,1/28,0.0,8.53,3,3.0,0,11.5,KW Richardson,101,35.5,0.0,2,PW,2013
11,0,0,22.83,3/27,1.0,9.23,4,4.0,0,14.5,WD Parnell,137,14.8,0.0,6,PW,2013
12,0,0,31.33,3/15,1.0,9.40,3,3.0,0,10.0,AG Murtaza,94,20.0,0.0,3,PW,2013
13,0,0,26.00,2/7,7.0,9.41,7,9.0,0,19.2,MR Marsh,182,16.5,0.0,7,PW,2013
14,0,0,29.06,3/31,3.0,9.48,13,13.0,0,49.0,AB Dinda,465,18.3,0.0,16,PW,2013
15,0,0,0.0,0.0,1.0,9.60,2,2.0,0,5.0,K Upadhyay,48,0.0,0.0,0,PW,2013
16,0,0,50.00,1/12,2.0,10.16,5,6.0,0,9.5,LJ Wright,100,29.5,0.0,2,PW,2013
17,0,0,49.00,1/11,2.0,12.25,3,14.0,0,4.0,AJ Finch,49,24.0,0.0,1,PW,2013
18,0,0,50.00,1/17,0.0,12.50,2,2.0,0,4.0,IC Pandey,50,24.0,0.0,1,PW,2013
19,0.0,0.0,0.0,0.0,1.0,0.0,0.0,2.0,0.0,0.0,UA Birla,0.0,0.0,0.0,0.0,PW,2013
20,0.0,0.0,0.0,0.0,2.0,0.0,0.0,3.0,0.0,0.0,M Manhas,0.0,0.0,0.0,0.0,PW,2013
21,0.0,0.0,0.0,0.0,6.0,0.0,0.0,7.0,0.0,0.0,MK Pandey,0.0,0.0,0.0,0.0,PW,2013
22,0.0,0.0,0.0,0.0,1.0,0.0,0.0,2.0,0.0,0.0,M Rawat,0.0,0.0,1.0,0.0,PW,2013
23,0.0,0.0,0.0,0.0,4.0,0.0,0.0,7.0,0.0,0.0,SPD Smith,0.0,0.0,0.0,0.0,PW,2013
24,0.0,0.0,0.0,0.0,2.0,0.0,0.0,5.0,0.0,0.0,LRPL Taylor,0.0,0.0,0.0,0.0,PW,2013
25,0.0,0.0,0.0,0.0,7.0,0.0,0.0,16.0,0.0,0.0,RV Uthappa,0.0,0.0,0.0,0.0,PW,2013
0,0,0,20.07,3/31,4.0,6.92,10,10.0,4,37.4,R Rampaul,261,17.3,0.0,13,RCB,2013
1,0,0,31.55,2/24,4.0,7.28,11,11.0,0,39.0,M Kartik,284,26.0,0.0,9,RCB,2013
2,0,1,28.46,5/25,1.0,7.55,13,13.0,0,49.0,JD Unadkat,370,22.6,0.0,13,RCB,2013
3,0,0,59.00,1/18,1.0,7.69,6,6.0,0,23.0,M Muralitharan,177,46.0,0.0,3,RCB,2013
4,1,0,9.40,4/17,1.0,7.83,2,2.0,0,6.0,Z Khan,47,7.2,0.0,5,RCB,2013
5,0,0,21.43,3/18,8.0,8.19,16,16.0,0,60.1,R Vinay Kumar,493,15.6,0.0,23,RCB,2013
6,0,0,25.76,3/13,4.0,8.41,11,11.0,0,39.5,RP Singh,335,18.3,0.0,13,RCB,2013
7,0,0,17.00,1/17,0.0,8.50,1,1.0,0,2.0,AB McDonald,17,12.0,0.0,1,RCB,2013
8,0,0,26.42,2/14,5.0,8.74,8,10.0,0,21.1,MC Henriques,185,18.1,0.0,7,RCB,2013
9,0,0,30.33,2/15,0.0,9.10,4,4.0,0,10.0,J Syed Mohammad,91,20.0,0.0,3,RCB,2013
10,0,0,0.0,0.0,0.0,9.16,2,2.0,0,6.0,DT Christian,55,0.0,0.0,0,RCB,2013
11,0,0,37.00,1/37,0.0,9.25,1,1.0,0,4.0,A Mithun,37,24.0,0.0,1,RCB,2013
12,0,0,13.33,2/5,3.0,10.00,4,16.0,0,4.0,CH Gayle,40,8.0,0.0,3,RCB,2013
13,0,0,0.0,0.0,2.0,10.00,1,5.0,0,1.0,TM Dilshan,10,0.0,0.0,0,RCB,2013
14,0.0,0.0,0.0,0.0,3.0,0.0,0.0,5.0,0.0,0.0,MA Agarwal,0.0,0.0,0.0,0.0,RCB,2013
15,0.0,0.0,0.0,0.0,9.0,0.0,0.0,12.0,0.0,0.0,KB Arun Karthik,0.0,0.0,2.0,0.0,RCB,2013
16,0.0,0.0,0.0,0.0,8.0,0.0,0.0,14.0,0.0,0.0,AB de Villiers,0.0,0.0,0.0,0.0,RCB,2013
17,0.0,0.0,0.0,0.0,7.0,0.0,0.0,16.0,0.0,0.0,V Kohli,0.0,0.0,0.0,0.0,RCB,2013
18,0.0,0.0,0.0,0.0,0.0,0.0,0.0,1.0,0.0,0.0,A Mukund,0.0,0.0,0.0,0.0,RCB,2013
19,0.0,0.0,0.0,0.0,0.0,0.0,0.0,2.0,0.0,0.0,KK Nair,0.0,0.0,0.0,0.0,RCB,2013
20,0.0,0.0,0.0,0.0,1.0,0.0,0.0,4.0,0.0,0.0,CA Pujara,0.0,0.0,0.0,0.0,RCB,2013
21,0.0,0.0,0.0,0.0,2.0,0.0,0.0,5.0,0.0,0.0,KL Rahul,0.0,0.0,0.0,0.0,RCB,2013
22,0.0,0.0,0.0,0.0,2.0,0.0,0.0,9.0,0.0,0.0,SS Tiwary,0.0,0.0,0.0,0.0,RCB,2013
0,0,0,0.0,0.0,6.0,3.00,1,17.0,0,1.0,BJ Hodge,3,0.0,0.0,0,RR,2013
1,0,0,29.50,2/14,0.0,5.90,3,3.0,0,10.0,VS Malik,59,30.0,0.0,2,RR,2013
2,0,0,26.00,2/6,4.0,6.24,8,8.0,0,25.0,A Chandila,156,25.0,0.0,6,RR,2013
3,0,0,27.00,2/14,3.0,6.75,14,17.0,0,24.0,STR Binny,162,24.0,0.0,6,RR,2013
4,0,2,15.25,5/16,3.0,6.75,16,16.0,2,63.1,JP Faulkner,427,13.5,0.0,28,RR,2013
5,0,0,34.16,3/23,4.0,6.85,17,17.0,1,59.5,SK Trivedi,410,29.9,0.0,12,RR,2013
6,0,0,63.00,1/28,0.0,7.00,3,3.0,0,9.0,AA Chavan,63,54.0,0.0,1,RR,2013
7,0,0,22.92,3/22,6.0,7.15,13,16.0,0,41.4,SR Watson,298,19.2,0.0,13,RR,2013
8,0,0,32.60,2/20,0.0,7.52,7,7.0,2,21.4,S Sreesanth,163,26.0,0.0,5,RR,2013
9,0,0,88.00,1/38,0.0,8.00,3,3.0,0,11.0,PV Tambe,88,66.0,0.0,1,RR,2013
10,0,0,23.63,3/15,8.0,8.31,14,14.0,0,54.0,KK Cooper,449,17.0,0.0,19,RR,2013
11,0,0,0.0,0.0,0.0,8.50,1,1.0,0,4.0,S Badree,34,0.0,0.0,0,RR,2013
12,0,0,34.00,1/34,0.0,8.50,1,1.0,0,4.0,Harmeet Singh,34,24.0,0.0,1,RR,2013
13,0,0,0.0,0.0,0.0,9.30,1,1.0,0,3.2,GB Hogg,31,0.0,0.0,0,RR,2013
14,0,0,98.00,1/29,0.0,9.80,3,3.0,0,10.0,SW Tait,98,60.0,0.0,1,RR,2013
15,0,0,26.33,2/28,2.0,9.87,3,3.0,0,8.0,R Shukla,79,16.0,0.0,3,RR,2013
16,0.0,0.0,0.0,0.0,3.0,0.0,0.0,18.0,0.0,0.0,R Dravid,0.0,0.0,0.0,0.0,RR,2013
17,0.0,0.0,0.0,0.0,0.0,0.0,0.0,1.0,0.0,0.0,AL Menaria,0.0,0.0,0.0,0.0,RR,2013
18,0.0,0.0,0.0,0.0,0.0,0.0,0.0,2.0,0.0,0.0,MDKJ Perera,0.0,0.0,0.0,0.0,RR,2013
19,0.0,0.0,0.0,0.0,10.0,0.0,0.0,18.0,0.0,0.0,AM Rahane,0.0,0.0,0.0,0.0,RR,2013
20,0.0,0.0,0.0,0.0,2.0,0.0,0.0,4.0,0.0,0.0,Sachin Baby,0.0,0.0,0.0,0.0,RR,2013
21,0.0,0.0,0.0,0.0,13.0,0.0,0.0,11.0,0.0,0.0,SV Samson,0.0,0.0,0.0,0.0,RR,2013
22,0.0,0.0,0.0,0.0,0.0,0.0,0.0,2.0,0.0,0.0,OA Shah,0.0,0.0,0.0,0.0,RR,2013
23,0.0,0.0,0.0,0.0,6.0,0.0,0.0,12.0,0.0,0.0,DH Yagnik,0.0,0.0,1.0,0.0,RR,2013
0,0,0,21.00,1/20,1.0,5.25,2,2.0,0,8.0,Anand Rajan,42,24.0,0.0,2,SRH,2013
1,0,0,20.21,3/11,3.0,5.66,17,17.0,3,67.5,DW Steyn,384,21.4,0.0,19,SRH,2013
2,0,0,38.00,1/5,4.0,6.33,5,17.0,0,6.0,GH Vihari,38,36.0,0.0,1,SRH,2013
3,1,0,18.76,4/19,2.0,6.35,17,17.0,1,62.0,A Mishra,394,17.7,0.0,21,SRH,2013
4,0,0,20.90,2/19,4.0,6.60,13,13.0,1,34.5,KV Sharma,230,19.0,0.0,11,SRH,2013
5,1,0,21.00,4/22,3.0,7.52,9,10.0,0,22.2,DJG Sammy,168,16.7,0.0,8,SRH,2013
6,0,0,31.06,3/27,6.0,7.81,16,16.0,2,59.4,I Sharma,466,23.8,0.0,15,SRH,2013
7,0,0,16.00,1/14,10.0,8.00,2,13.0,0,2.0,CL White,16,12.0,0.0,1,SRH,2013
8,0,0,25.15,3/20,5.0,8.01,16,16.0,0,59.4,NLTC Perera,478,18.8,0.0,19,SRH,2013
9,0,0,0.0,0.0,1.0,8.50,1,1.0,0,2.0,Ankit Sharma,17,0.0,0.0,0,SRH,2013
10,0,0,23.33,1/7,7.0,10.50,5,12.0,0,6.4,A Ashish Reddy,70,13.3,0.0,3,SRH,2013
11,0.0,0.0,0.0,0.0,3.0,0.0,0.0,3.0,0.0,0.0,Q de Kock,0.0,0.0,1.0,0.0,SRH,2013
12,0.0,0.0,0.0,0.0,3.0,0.0,0.0,10.0,0.0,0.0,S Dhawan,0.0,0.0,0.0,0.0,SRH,2013
13,0.0,0.0,0.0,0.0,5.0,0.0,0.0,13.0,0.0,0.0,PA Patel,0.0,0.0,3.0,0.0,SRH,2013
14,0.0,0.0,0.0,0.0,0.0,0.0,0.0,2.0,0.0,0.0,DB Ravi Teja,0.0,0.0,0.0,0.0,SRH,2013
15,0.0,0.0,0.0,0.0,2.0,0.0,0.0,7.0,0.0,0.0,PA Reddy,0.0,0.0,0.0,0.0,SRH,2013
16,0.0,0.0,0.0,0.0,3.0,0.0,0.0,8.0,0.0,0.0,BB Samantray,0.0,0.0,0.0,0.0,SRH,2013
17,0.0,0.0,0.0,0.0,3.0,0.0,0.0,9.0,0.0,0.0,KC Sangakkara,0.0,0.0,0.0,0.0,SRH,2013
18,0.0,0.0,0.0,0.0,0.0,0.0,0.0,1.0,0.0,0.0,X Thalaivan Sargunam,0.0,0.0,0.0,0.0,SRH,2013
0,0,0,48.50,1/19,0.0,6.92,4,4.0,0,14.0,S Badree,97,42.0,0.0,2,CSK,2014
1,0,0,27.31,3/30,1.0,7.30,16,16.0,1,59.5,R Ashwin,437,22.4,0.0,16,CSK,2014
2,0,0,134.00,1/17,12.0,7.44,8,16.0,0,18.0,SK Raina,134,108.0,0.0,1,CSK,2014
3,0,0,53.00,2/23,4.0,7.57,12,13.0,2,42.0,IC Pandey,318,42.0,0.0,6,CSK,2014
4,2,0,23.31,4/12,4.0,8.15,16,16.0,0,54.2,RA Jadeja,443,17.1,0.0,19,CSK,2014
5,1,0,19.65,4/14,3.0,8.39,16,16.0,0,53.5,MM Sharma,452,14.0,0.0,23,CSK,2014
6,0,0,30.75,2/32,1.0,8.78,8,8.0,0,28.0,BW Hilfenhaus,246,21.0,0.0,8,CSK,2014
7,0,0,17.75,3/33,0.0,9.46,4,4.0,0,15.0,A Nehra,142,11.2,0.0,8,CSK,2014
8,0,0,23.75,1/11,5.0,9.50,5,16.0,0,10.0,DR Smith,95,15.0,0.0,4,CSK,2014
9,0,0,29.00,1/29,0.0,9.66,1,1.0,0,3.0,JW Hastings,29,18.0,0.0,1,CSK,2014
10,0,0,0.0,0.0,1.0,10.71,2,2.0,0,7.0,P Negi,75,0.0,0.0,0,CSK,2014
11,0,0,19.00,2/38,1.0,13.41,1,5.0,0,2.5,DJ Hussey,38,8.5,0.0,2,CSK,2014
12,0,0,0.0,0.0,0.0,19.00,1,1.0,0,1.0,V Shankar,19,0.0,0.0,0,CSK,2014
13,0.0,0.0,0.0,0.0,0.0,0.0,0.0,1.0,0.0,0.0,DJ Bravo,0.0,0.0,0.0,0.0,CSK,2014
14,0.0,0.0,0.0,0.0,3.0,0.0,0.0,16.0,0.0,0.0,MS Dhoni,0.0,0.0,1.0,0.0,CSK,2014
15,0.0,0.0,0.0,0.0,13.0,0.0,0.0,15.0,0.0,0.0,F du Plessis,0.0,0.0,0.0,0.0,CSK,2014
16,0.0,0.0,0.0,0.0,6.0,0.0,0.0,14.0,0.0,0.0,BB McCullum,0.0,0.0,0.0,0.0,CSK,2014
17,0.0,0.0,0.0,0.0,3.0,0.0,0.0,12.0,0.0,0.0,M Manhas,0.0,0.0,0.0,0.0,CSK,2014
0,0,0,13.50,2/27,0.0,6.75,1,2.0,0,4.0,NM Coulter-Nile,27,12.0,0.0,2,DD,2014
1,0,0,80.00,2/27,2.0,7.27,11,14.0,0,33.0,JP Duminy,240,66.0,0.0,3,DD,2014
2,0,0,37.16,2/21,2.0,7.39,8,8.0,0,30.1,WD Parnell,223,30.1,0.0,6,DD,2014
3,0,0,38.87,2/35,0.0,8.18,11,11.0,0,38.0,S Nadeem,311,28.5,0.0,8,DD,2014
4,0,0,19.00,3/22,0.0,8.20,6,6.0,0,20.5,Imran Tahir,171,13.8,0.0,9,DD,2014
5,0,0,52.71,1/22,0.0,8.38,12,12.0,0,44.0,Mohammed Shami,369,37.7,0.0,7,DD,2014
6,0,0,30.00,3/32,0.0,8.66,9,9.0,0,31.1,JD Unadkat,270,20.7,0.0,9,DD,2014
7,0,0,83.00,1/31,1.0,8.89,5,5.0,0,9.2,LR Shukla,83,56.0,0.0,1,DD,2014
8,0,0,63.00,1/5,0.0,9.69,5,5.0,0,13.0,S Kaul,126,39.0,0.0,2,DD,2014
9,0,0,91.00,1/29,0.0,10.11,4,4.0,0,9.0,JDS Neesham,91,54.0,0.0,1,DD,2014
10,0,0,65.00,1/33,0.0,10.83,2,2.0,0,6.0,R Sharma,65,36.0,0.0,1,DD,2014
11,0,0,49.00,1/13,1.0,10.88,3,3.0,0,9.0,R Shukla,98,27.0,0.0,2,DD,2014
12,0,0,0.0,0.0,8.0,13.00,1,11.0,0,1.0,M Vijay,13,0.0,0.0,0,DD,2014
13,0,0,0.0,0.0,1.0,14.00,1,8.0,0,2.0,MK Tiwary,28,0.0,0.0,0,DD,2014
14,0.0,0.0,0.0,0.0,1.0,0.0,0.0,8.0,0.0,0.0,MA Agarwal,0.0,0.0,0.0,0.0,DD,2014
15,0.0,0.0,0.0,0.0,2.0,0.0,0.0,7.0,0.0,0.0,Q de Kock,0.0,0.0,0.0,0.0,DD,2014
16,0.0,0.0,0.0,0.0,3.0,0.0,0.0,10.0,0.0,0.0,KM Jadhav,0.0,0.0,0.0,0.0,DD,2014
17,0.0,0.0,0.0,0.0,7.0,0.0,0.0,14.0,0.0,0.0,KD Karthik,0.0,0.0,2.0,0.0,DD,2014
18,0.0,0.0,0.0,0.0,2.0,0.0,0.0,11.0,0.0,0.0,KP Pietersen,0.0,0.0,0.0,0.0,DD,2014
19,0.0,0.0,0.0,0.0,2.0,0.0,0.0,4.0,0.0,0.0,LRPL Taylor,0.0,0.0,0.0,0.0,DD,2014
0,2.0,0.0,19.38,4/20,,6.35,16.0,16.0,0.0,64.0,SP Narine,407.0,18.2,,21.0,KKR,2014
1,0.0,0.0,21.64,3/19,,7.67,11.0,11.0,0.0,39.3,PP Chawla,303.0,16.9,,14.0,KKR,2014
2,0.0,0.0,30.58,2/20,,7.64,12.0,12.0,1.0,48.0,M Morkel,367.0,24.0,,12.0,KKR,2014
3,0.0,0.0,30.36,2/22,,6.68,13.0,13.0,1.0,50.0,Shakib Al Hasan,334.0,27.2,,11.0,KKR,2014
4,0.0,0.0,33.36,3/13,,8.15,12.0,12.0,0.0,45.0,UT Yadav,367.0,24.5,,11.0,KKR,2014
5,0.0,0.0,40.14,2/26,,8.78,9.0,9.0,0.0,32.0,R Vinay Kumar,281.0,27.4,,7.0,KKR,2014
6,0.0,0.0,46.50,1/15,,8.45,8.0,8.0,0.0,22.0,JH Kallis,186.0,33.0,,4.0,KKR,2014
7,0.0,0.0,29.00,1/29,,7.25,1.0,1.0,1.0,4.0,PJ Cummins,29.0,24.0,,1.0,KKR,2014
8,0.0,0.0,35.00,1/7,,7.0,4.0,10.0,0.0,5.0,RN ten Doeschate,35.0,30.0,,1.0,KKR,2014
9,0.0,0.0,52.00,1/25,,10.4,2.0,2.0,0.0,5.0,AD Russell,52.0,30.0,,1.0,KKR,2014
10,0.0,0.0,0.0,0.0,,8.0,1.0,16.0,0.0,1.0,SA Yadav,8.0,0.0,,0.0,KKR,2014
11,0.0,0.0,0.0,0.0,,10.0,1.0,15.0,0.0,1.0,YK Pathan,10.0,0.0,,0.0,KKR,2014
12,,,,,,,,,,,Records includes the following current or recent matches:,,,,,KKR,2014
13,,,,,,,,,,,"Kolkata Knight Riders v Kings XI Punjab at Bengaluru, Pepsi Indian Premier League final, Jun 1, 2014
[Twenty20]",,,,,KKR,2014
14,,,,,,,,,,,"Kings XI Punjab v Kolkata Knight Riders at Kolkata, Pepsi Indian Premier League 1st qualifying final, May 27-28, 2014
[Twenty20]",,,,,KKR,2014
15,,,,,,,,,,,"Kolkata Knight Riders v Sunrisers Hyderabad at Kolkata, Pepsi Indian Premier League 54th match, May 24, 2014
[Twenty20]",,,,,KKR,2014
0,0,0,23.82,3/24,7.0,6.13,17,17.0,2,66.0,AR Patel,405,23.2,0.0,17,KP,2014
1,0,0,40.33,2/26,1.0,7.56,4,4.0,0,16.0,Shivam Sharma,121,32.0,0.0,3,KP,2014
2,0,0,28.07,2/14,3.0,7.71,13,13.0,0,47.2,R Dhawan,365,21.8,0.0,13,KP,2014
3,1,0,14.90,4/54,1.0,8.20,5,5.0,0,20.0,Karanveer Singh,164,10.9,0.0,11,KP,2014
4,0,0,26.11,2/19,4.0,8.29,14,14.0,0,53.3,MG Johnson,444,18.8,0.0,17,KP,2014
5,1,0,24.91,4/13,0.0,8.79,9,9.0,0,34.0,L Balaji,299,17.0,0.0,12,KP,2014
6,0,0,19.66,3/15,1.0,8.81,11,11.0,2,40.1,Sandeep Sharma,354,13.3,0.0,18,KP,2014
7,0,0,35.00,2/15,0.0,10.42,7,7.0,1,23.3,P Awana,245,20.1,0.0,7,KP,2014
8,0,0,31.50,3/36,1.0,10.50,3,3.0,0,12.0,BE Hendricks,126,18.0,0.0,4,KP,2014
9,0,0,91.00,1/51,1.0,11.37,2,2.0,0,8.0,M Kartik,91,48.0,0.0,1,KP,2014
10,0,0,132.00,1/21,9.0,12.00,7,16.0,0,11.0,GJ Maxwell,132,66.0,0.0,1,KP,2014
11,0.0,0.0,0.0,0.0,8.0,0.0,0.0,17.0,0.0,0.0,GJ Bailey,0.0,0.0,0.0,0.0,KP,2014
12,0.0,0.0,0.0,0.0,1.0,0.0,0.0,3.0,0.0,0.0,Mandeep Singh,0.0,0.0,0.0,0.0,KP,2014
13,0.0,0.0,0.0,0.0,2.0,0.0,0.0,2.0,0.0,0.0,SE Marsh,0.0,0.0,0.0,0.0,KP,2014
14,0.0,0.0,0.0,0.0,14.0,0.0,0.0,16.0,0.0,0.0,DA Miller,0.0,0.0,0.0,0.0,KP,2014
15,0.0,0.0,0.0,0.0,0.0,0.0,0.0,6.0,0.0,0.0,CA Pujara,0.0,0.0,0.0,0.0,KP,2014
16,0.0,0.0,0.0,0.0,8.0,0.0,0.0,17.0,0.0,0.0,WP Saha,0.0,0.0,4.0,0.0,KP,2014
17,0.0,0.0,0.0,0.0,5.0,0.0,0.0,17.0,0.0,0.0,V Sehwag,0.0,0.0,0.0,0.0,KP,2014
18,0.0,0.0,0.0,0.0,3.0,0.0,0.0,8.0,0.0,0.0,M Vohra,0.0,0.0,0.0,0.0,KP,2014
0,1,0,15.81,4/23,0.0,6.45,10,10.0,0,39.1,SL Malinga,253,14.6,0.0,16,MI,2014
1,0,0,25.42,2/13,3.0,6.47,14,14.0,1,55.0,Harbhajan Singh,356,23.5,0.0,14,MI,2014
2,0,0,26.00,2/31,0.0,6.50,3,3.0,0,12.0,P Kumar,78,24.0,0.0,3,MI,2014
3,0,0,29.20,2/21,0.0,6.53,6,6.0,0,22.2,Z Khan,146,26.8,0.0,5,MI,2014
4,0,0,60.20,2/22,0.0,7.58,11,11.0,1,39.4,JJ Bumrah,301,47.6,0.0,5,MI,2014
5,0,0,16.00,2/32,0.0,8.00,1,1.0,0,4.0,M de Lange,32,12.0,0.0,2,MI,2014
6,0,0,18.83,2/25,1.0,8.07,4,4.0,0,14.0,S Gopal,113,14.0,0.0,6,MI,2014
7,0,0,95.00,2/30,0.0,8.26,12,12.0,1,46.0,PP Ojha,380,69.0,0.0,4,MI,2014
8,0,0,26.00,1/20,5.0,8.66,2,15.0,0,3.0,RG Sharma,26,18.0,0.0,1,MI,2014
9,0,0,46.00,2/18,5.0,10.22,9,12.0,0,18.0,CJ Anderson,184,27.0,0.0,4,MI,2014
10,0,0,131.00,1/33,7.0,10.48,12,15.0,0,25.0,KA Pollard,262,75.0,0.0,2,MI,2014
11,0,0,30.00,2/50,1.0,11.25,2,2.0,0,8.0,K Santokie,90,16.0,0.0,3,MI,2014
12,0,0,34.00,1/34,2.0,11.33,1,8.0,0,3.0,LMP Simmons,34,18.0,0.0,1,MI,2014
13,0,0,35.00,1/35,0.0,11.66,1,1.0,0,3.0,P Suyal,35,18.0,0.0,1,MI,2014
14,0.0,0.0,0.0,0.0,3.0,0.0,0.0,3.0,0.0,0.0,BR Dunk,0.0,0.0,0.0,0.0,MI,2014
15,0.0,0.0,0.0,0.0,3.0,0.0,0.0,9.0,0.0,0.0,CM Gautam,0.0,0.0,3.0,0.0,MI,2014
16,0.0,0.0,0.0,0.0,3.0,0.0,0.0,9.0,0.0,0.0,MEK Hussey,0.0,0.0,0.0,0.0,MI,2014
17,0.0,0.0,0.0,0.0,6.0,0.0,0.0,15.0,0.0,0.0,AT Rayudu,0.0,0.0,0.0,0.0,MI,2014
18,0.0,0.0,0.0,0.0,0.0,0.0,0.0,15.0,0.0,0.0,AP Tare,0.0,0.0,3.0,0.0,MI,2014
0,0,0,37.00,1/21,0.0,6.16,2,2.0,0,6.0,R Rampaul,37,36.0,0.0,1,RCB,2014
1,0,0,32.16,2/17,3.0,7.01,14,14.0,1,55.0,YS Chahal,386,27.5,0.0,12,RCB,2014
2,0,0,28.71,2/21,9.0,7.49,14,14.0,0,53.4,MA Starc,402,23.0,0.0,14,RCB,2014
3,0,0,41.33,2/25,0.0,7.75,5,5.0,0,16.0,M Muralitharan,124,32.0,0.0,3,RCB,2014
4,0,0,31.50,1/18,2.0,7.87,6,7.0,0,16.0,JA Morkel,126,24.0,0.0,4,RCB,2014
5,0,0,37.66,1/18,0.0,7.88,4,4.0,0,14.2,AN Ahmed,113,28.6,0.0,3,RCB,2014
6,0,0,0.0,0.0,3.0,8.00,2,9.0,0,2.0,S Rana,16,0.0,0.0,0,RCB,2014
7,0,0,18.68,3/16,0.0,8.15,10,10.0,1,36.4,VR Aaron,299,13.7,0.0,16,RCB,2014
8,1,0,37.40,4/35,4.0,8.25,10,14.0,0,22.4,Yuvraj Singh,187,27.2,0.0,5,RCB,2014
9,0,0,54.00,1/14,0.0,8.70,9,9.0,0,31.0,AB Dinda,270,37.2,0.0,5,RCB,2014
10,0,0,28.25,2/56,0.0,10.27,3,3.0,0,11.0,HV Patel,113,16.5,0.0,4,RCB,2014
11,0,0,0.0,0.0,0.0,11.18,1,1.0,0,3.4,SB Jakati,41,0.0,0.0,0,RCB,2014
12,0.0,0.0,0.0,0.0,7.0,0.0,0.0,14.0,0.0,0.0,AB de Villiers,0.0,0.0,0.0,0.0,RCB,2014
13,0.0,0.0,0.0,0.0,2.0,0.0,0.0,9.0,0.0,0.0,CH Gayle,0.0,0.0,0.0,0.0,RCB,2014
14,0.0,0.0,0.0,0.0,7.0,0.0,0.0,14.0,0.0,0.0,V Kohli,0.0,0.0,0.0,0.0,RCB,2014
15,0.0,0.0,0.0,0.0,1.0,0.0,0.0,2.0,0.0,0.0,NJ Maddinson,0.0,0.0,0.0,0.0,RCB,2014
16,0.0,0.0,0.0,0.0,11.0,0.0,0.0,12.0,0.0,0.0,PA Patel,0.0,0.0,1.0,0.0,RCB,2014
17,0.0,0.0,0.0,0.0,0.0,0.0,0.0,3.0,0.0,0.0,RR Rossouw,0.0,0.0,0.0,0.0,RCB,2014
18,0.0,0.0,0.0,0.0,2.0,0.0,0.0,5.0,0.0,0.0,YV Takawale,0.0,0.0,1.0,0.0,RCB,2014
19,0.0,0.0,0.0,0.0,0.0,0.0,0.0,3.0,0.0,0.0,VH Zol,0.0,0.0,0.0,0.0,RCB,2014
0,0,0,10.75,2/20,0.0,5.37,2,3.0,0,8.0,Ankit Sharma,43,12.0,0.0,4,RR,2014
1,0,0,29.50,1/17,0.0,6.55,3,3.0,0,9.0,R Tewatia,59,27.0,0.0,2,RR,2014
2,0,0,21.33,1/1,3.0,7.11,8,13.0,0,9.0,STR Binny,64,18.0,0.0,3,RR,2014
3,1,0,23.73,4/20,2.0,7.26,13,13.0,0,49.0,PV Tambe,356,19.6,0.0,15,RR,2014
4,0,0,33.50,2/38,2.0,7.44,5,5.0,0,18.0,KK Cooper,134,27.0,0.0,4,RR,2014
5,0,0,23.58,3/23,5.0,7.44,12,12.0,0,38.0,R Bhatia,283,19.0,0.0,12,RR,2014
6,0,0,0.0,0.0,2.0,7.60,3,3.0,0,10.0,TG Southee,76,0.0,0.0,0,RR,2014
7,0,0,22.88,2/18,3.0,7.62,7,7.0,0,27.0,KW Richardson,206,18.0,0.0,9,RR,2014
8,0,0,31.00,1/31,1.0,7.75,1,1.0,0,4.0,BCJ Cutting,31,24.0,0.0,1,RR,2014
9,0,0,23.57,3/13,3.0,7.85,9,13.0,1,21.0,SR Watson,165,18.0,0.0,7,RR,2014
10,0,0,36.83,2/23,2.0,8.18,8,8.0,1,27.0,DS Kulkarni,221,27.0,0.0,6,RR,2014
11,0,0,0.0,0.0,1.0,8.50,1,1.0,0,2.0,Iqbal Abdulla,17,0.0,0.0,0,RR,2014
12,0,0,29.00,1/29,1.0,9.66,1,1.0,0,3.0,VS Malik,29,18.0,0.0,1,RR,2014
13,0,0,38.09,3/11,2.0,9.74,13,13.0,0,43.0,JP Faulkner,419,23.4,0.0,11,RR,2014
14,0.0,0.0,0.0,0.0,0.0,0.0,0.0,1.0,0.0,0.0,UBT Chand,0.0,0.0,0.0,0.0,RR,2014
15,0.0,0.0,0.0,0.0,2.0,0.0,0.0,4.0,0.0,0.0,BJ Hodge,0.0,0.0,0.0,0.0,RR,2014
16,0.0,0.0,0.0,0.0,4.0,0.0,0.0,11.0,0.0,0.0,KK Nair,0.0,0.0,0.0,0.0,RR,2014
17,0.0,0.0,0.0,0.0,1.0,0.0,0.0,5.0,0.0,0.0,AM Nayar,0.0,0.0,0.0,0.0,RR,2014
18,0.0,0.0,0.0,0.0,6.0,0.0,0.0,13.0,0.0,0.0,AM Rahane,0.0,0.0,0.0,0.0,RR,2014
19,0.0,0.0,0.0,0.0,5.0,0.0,0.0,13.0,0.0,0.0,SV Samson,0.0,0.0,2.0,0.0,RR,2014
20,0.0,0.0,0.0,0.0,9.0,0.0,0.0,10.0,0.0,0.0,SPD Smith,0.0,0.0,0.0,0.0,RR,2014
21,0.0,0.0,0.0,0.0,1.0,0.0,0.0,1.0,0.0,0.0,DH Yagnik,0.0,0.0,0.0,0.0,RR,2014
0,1,0,17.70,4/14,2.0,6.65,14,14.0,0,53.1,B Kumar,354,15.9,0.0,20,SRH,2014
1,1,0,25.06,4/38,0.0,7.42,14,14.0,0,50.4,KV Sharma,376,20.2,0.0,15,SRH,2014
2,0,0,39.18,2/20,7.0,7.69,14,14.0,0,56.0,DW Steyn,431,30.5,0.0,11,SRH,2014
3,0,0,0.0,0.0,2.0,8.00,2,7.0,0,2.0,Y Venugopal Rao,16,0.0,0.0,0,SRH,2014
4,0,0,51.25,2/10,2.0,8.66,10,10.0,0,23.4,IK Pathan,205,35.5,0.0,4,SRH,2014
5,0,0,48.57,2/23,0.0,9.06,10,10.0,0,37.3,A Mishra,340,32.1,0.0,7,SRH,2014
6,0,0,33.66,2/37,0.0,9.18,3,3.0,0,11.0,I Sharma,101,22.0,0.0,3,SRH,2014
7,0,0,83.00,1/26,1.0,9.22,3,3.0,0,9.0,Parvez Rasool,83,54.0,0.0,1,SRH,2014
8,0,0,24.00,2/26,1.0,9.60,4,4.0,0,10.0,MC Henriques,96,15.0,0.0,4,SRH,2014
9,0,0,52.33,1/20,5.0,11.21,8,10.0,0,14.0,DJG Sammy,157,28.0,0.0,3,SRH,2014
10,0,0,35.00,1/35,2.0,11.66,1,1.0,0,3.0,JO Holder,35,18.0,0.0,1,SRH,2014
11,0.0,0.0,0.0,0.0,0.0,0.0,0.0,1.0,0.0,0.0,S Anirudha,0.0,0.0,0.0,0.0,SRH,2014
12,0.0,0.0,0.0,0.0,5.0,0.0,0.0,14.0,0.0,0.0,S Dhawan,0.0,0.0,0.0,0.0,SRH,2014
13,0.0,0.0,0.0,0.0,6.0,0.0,0.0,13.0,0.0,0.0,AJ Finch,0.0,0.0,0.0,0.0,SRH,2014
14,0.0,0.0,0.0,0.0,6.0,0.0,0.0,11.0,0.0,0.0,NV Ojha,0.0,0.0,1.0,0.0,SRH,2014
15,0.0,0.0,0.0,0.0,4.0,0.0,0.0,11.0,0.0,0.0,KL Rahul,0.0,0.0,0.0,0.0,SRH,2014
16,0.0,0.0,0.0,0.0,8.0,0.0,0.0,14.0,0.0,0.0,DA Warner,0.0,0.0,0.0,0.0,SRH,2014
0,0,0,22.80,2/5,3.0,5.84,13,14.0,0,39.0,R Ashwin,228,23.4,0.0,10,CSK,2015
1,0,0,20.27,2/27,2.0,7.19,10,10.0,2,31.0,IC Pandey,223,16.9,0.0,11,CSK,2015
2,1,0,20.40,4/10,3.0,7.24,16,16.0,0,62.0,A Nehra,449,16.9,0.0,22,CSK,2015
3,1,0,30.00,4/11,13.0,7.73,15,17.0,0,42.4,RA Jadeja,330,23.2,0.0,11,CSK,2015
4,0,0,46.50,1/29,11.0,7.75,5,17.0,0,12.0,SK Raina,93,36.0,0.0,2,CSK,2015
5,0,0,16.38,3/22,13.0,8.14,16,17.0,0,52.2,DJ Bravo,426,12.0,0.0,26,CSK,2015
6,0,0,42.00,2/25,4.0,8.40,10,10.0,0,30.0,P Negi,252,30.0,0.0,6,CSK,2015
7,0,0,34.35,3/25,5.0,8.43,16,16.0,0,57.0,MM Sharma,481,24.4,0.0,14,CSK,2015
8,0,0,17.00,1/17,9.0,8.50,1,16.0,0,2.0,DR Smith,17,12.0,0.0,1,CSK,2015
9,0,0,59.00,1/31,1.0,10.11,2,2.0,0,5.5,RG More,59,35.0,0.0,1,CSK,2015
10,0.0,0.0,0.0,0.0,8.0,0.0,0.0,17.0,0.0,0.0,MS Dhoni,0.0,0.0,3.0,0.0,CSK,2015
11,0.0,0.0,0.0,0.0,8.0,0.0,0.0,17.0,0.0,0.0,F du Plessis,0.0,0.0,0.0,0.0,CSK,2015
12,0.0,0.0,0.0,0.0,1.0,0.0,0.0,4.0,0.0,0.0,MEK Hussey,0.0,0.0,0.0,0.0,CSK,2015
13,0.0,0.0,0.0,0.0,2.0,0.0,0.0,14.0,0.0,0.0,BB McCullum,0.0,0.0,0.0,0.0,CSK,2015
0,0,0,14.50,1/8,1.0,4.14,3,3.0,0,7.0,J Yadav,29,21.0,0.0,2,DD,2015
1,0,0,0.0,0.0,3.0,6.14,2,4.0,1,7.0,S Nadeem,43,0.0,0.0,0,DD,2015
2,0,0,22.28,2/9,0.0,6.45,7,7.0,1,24.1,Z Khan,156,20.7,0.0,7,DD,2015
3,0,0,25.25,2/18,0.0,7.21,6,6.0,0,14.0,DJ Muthuswami,101,21.0,0.0,4,DD,2015
4,1,0,15.75,4/17,8.0,7.41,9,14.0,0,17.0,JP Duminy,126,12.7,0.0,8,DD,2015
5,1,0,21.40,4/20,5.0,7.55,11,11.0,1,42.3,NM Coulter-Nile,321,17.0,0.0,15,DD,2015
6,0,0,34.44,2/32,2.0,7.71,12,12.0,0,40.1,A Mishra,310,26.7,0.0,9,DD,2015
7,0,0,72.00,1/14,2.0,8.00,6,14.0,0,9.0,Yuvraj Singh,72,54.0,0.0,1,DD,2015
8,0,0,35.14,2/15,5.0,8.20,10,11.0,0,30.0,AD Mathews,246,25.7,0.0,7,DD,2015
9,1,0,20.93,4/28,3.0,8.84,10,10.0,0,35.3,Imran Tahir,314,14.2,0.0,15,DD,2015
10,0,0,36.33,2/21,1.0,9.08,4,4.0,0,12.0,JA Morkel,109,24.0,0.0,3,DD,2015
11,0,0,0.0,0.0,0.0,10.00,1,1.0,0,3.0,JD Unadkat,30,0.0,0.0,0,DD,2015
12,0,0,82.00,1/33,0.0,10.25,2,3.0,0,8.0,GS Sandhu,82,48.0,0.0,1,DD,2015
13,0.0,0.0,0.0,0.0,3.0,0.0,0.0,10.0,0.0,0.0,MA Agarwal,0.0,0.0,0.0,0.0,DD,2015
14,0.0,0.0,0.0,0.0,0.0,0.0,0.0,3.0,0.0,0.0,Q de Kock,0.0,0.0,0.0,0.0,DD,2015
15,0.0,0.0,0.0,0.0,0.0,0.0,0.0,1.0,0.0,0.0,CM Gautam,0.0,0.0,1.0,0.0,DD,2015
16,0.0,0.0,0.0,0.0,2.0,0.0,0.0,14.0,0.0,0.0,SS Iyer,0.0,0.0,0.0,0.0,DD,2015
17,0.0,0.0,0.0,0.0,6.0,0.0,0.0,14.0,0.0,0.0,KM Jadhav,0.0,0.0,2.0,0.0,DD,2015
18,0.0,0.0,0.0,0.0,2.0,0.0,0.0,5.0,0.0,0.0,MK Tiwary,0.0,0.0,0.0,0.0,DD,2015
19,0.0,0.0,0.0,0.0,5.0,0.0,0.0,7.0,0.0,0.0,SS Tiwary,0.0,0.0,0.0,0.0,DD,2015
0,0.0,0.0,23.14,3/32,,7.96,13.0,13.0,0.0,40.4,AD Russell,324.0,17.4,,14.0,KKR,2015
1,1.0,0.0,24.45,4/32,,7.68,13.0,13.0,0.0,35.0,PP Chawla,269.0,19.0,,11.0,KKR,2015
2,0.0,0.0,20.60,2/18,,7.35,7.0,7.0,1.0,28.0,M Morkel,206.0,16.8,,10.0,KKR,2015
3,0.0,0.0,38.20,3/33,,9.09,12.0,12.0,0.0,42.0,UT Yadav,382.0,25.2,,10.0,KKR,2015
4,1.0,0.0,16.00,4/29,,6.85,6.0,6.0,0.0,21.0,GB Hogg,144.0,14.0,,9.0,KKR,2015
5,1.0,0.0,33.42,4/19,,7.31,8.0,8.0,0.0,32.0,SP Narine,234.0,27.4,,7.0,KKR,2015
6,0.0,0.0,30.75,2/22,,8.78,4.0,4.0,0.0,14.0,Shakib Al Hasan,123.0,21.0,,4.0,KKR,2015
7,0.0,0.0,48.50,2/40,,9.7,5.0,13.0,0.0,10.0,YK Pathan,97.0,30.0,,2.0,KKR,2015
8,0.0,0.0,28.00,1/28,,14.0,1.0,1.0,0.0,2.0,KC Cariappa,28.0,12.0,,1.0,KKR,2015
9,0.0,0.0,81.00,1/32,,8.1,4.0,4.0,0.0,10.0,J Botha,81.0,60.0,,1.0,KKR,2015
10,0.0,0.0,97.00,1/54,,9.7,3.0,3.0,0.0,10.0,PJ Cummins,97.0,60.0,,1.0,KKR,2015
11,0.0,0.0,0.0,0.0,,4.0,1.0,6.0,0.0,1.0,RN ten Doeschate,4.0,0.0,,0.0,KKR,2015
12,0.0,0.0,0.0,0.0,,13.66,1.0,1.0,0.0,3.0,Azhar Mahmood,41.0,0.0,,0.0,KKR,2015
13,,,,,,,,,,,Records includes the following current or recent matches:,,,,,KKR,2015
14,,,,,,,,,,,"Rajasthan Royals v Kolkata Knight Riders at Mumbai (BS), Pepsi Indian Premier League 54th match, May 16, 2015
[Twenty20]",,,,,KKR,2015
15,,,,,,,,,,,"Mumbai Indians v Kolkata Knight Riders at Mumbai, Pepsi Indian Premier League 51st match, May 14, 2015
[Twenty20]",,,,,KKR,2015
16,,,,,,,,,,,"Kolkata Knight Riders v Kings XI Punjab at Kolkata, Pepsi Indian Premier League 44th match, May 9, 2015
[Twenty20]",,,,,KKR,2015
0,1,0,26.92,4/25,2.0,7.00,14,14.0,4,50.0,Sandeep Sharma,350,23.0,0.0,13,KP,2015
1,0,0,0.0,0.0,4.0,7.00,2,11.0,0,4.0,M Vijay,28,0.0,0.0,0,KP,2015
2,0,0,22.00,2/17,1.0,7.33,3,5.0,0,9.0,Gurkeerat Singh,66,18.0,0.0,3,KP,2015
3,0,0,21.80,2/40,2.0,8.38,4,4.0,0,13.0,BE Hendricks,109,15.6,0.0,5,KP,2015
4,0,0,30.15,2/11,7.0,8.40,14,14.0,0,46.4,AR Patel,392,21.5,0.0,13,KP,2015
5,0,0,31.00,3/23,4.0,9.00,14,14.0,0,51.4,Anureet Singh,465,20.6,0.0,15,KP,2015
6,0,0,110.00,1/12,0.0,9.16,5,5.0,0,12.0,R Dhawan,110,72.0,0.0,1,KP,2015
7,0,0,55.00,1/33,0.0,9.16,2,2.0,0,6.0,NLTC Perera,55,36.0,0.0,1,KP,2015
8,0,0,37.33,2/23,0.0,9.37,9,9.0,1,35.5,MG Johnson,336,23.8,0.0,9,KP,2015
9,0,0,48.50,1/5,2.0,9.70,7,11.0,0,10.0,GJ Maxwell,97,30.0,0.0,2,KP,2015
10,0,0,157.00,1/30,1.0,11.21,4,4.0,0,14.0,Karanveer Singh,157,84.0,0.0,1,KP,2015
11,0,0,38.00,1/38,0.0,12.66,1,1.0,0,3.0,SN Thakur,38,18.0,0.0,1,KP,2015
12,0,0,44.00,1/44,0.0,14.66,1,1.0,0,3.0,Shivam Sharma,44,18.0,0.0,1,KP,2015
13,0.0,0.0,0.0,0.0,1.0,0.0,0.0,13.0,0.0,0.0,GJ Bailey,0.0,0.0,0.0,0.0,KP,2015
14,0.0,0.0,0.0,0.0,0.0,0.0,0.0,4.0,0.0,0.0,SE Marsh,0.0,0.0,0.0,0.0,KP,2015
15,0.0,0.0,0.0,0.0,7.0,0.0,0.0,13.0,0.0,0.0,DA Miller,0.0,0.0,0.0,0.0,KP,2015
16,0.0,0.0,0.0,0.0,11.0,0.0,0.0,14.0,0.0,0.0,WP Saha,0.0,0.0,3.0,0.0,KP,2015
17,0.0,0.0,0.0,0.0,0.0,0.0,0.0,8.0,0.0,0.0,V Sehwag,0.0,0.0,0.0,0.0,KP,2015
18,0.0,0.0,0.0,0.0,2.0,0.0,0.0,7.0,0.0,0.0,M Vohra,0.0,0.0,0.0,0.0,KP,2015
0,1,0,18.50,4/23,2.0,7.40,15,15.0,3,60.0,SL Malinga,444,15.0,0.0,24,MI,2015
1,0,0,0.0,0.0,0.0,7.50,1,1.0,1,4.0,M de Lange,30,0.0,0.0,0,MI,2015
2,0,0,24.77,3/27,3.0,7.82,15,15.0,1,57.0,Harbhajan Singh,446,19.0,0.0,18,MI,2015
3,0,0,21.44,3/16,0.0,8.21,12,12.0,0,47.0,MJ McClenaghan,386,15.6,0.0,18,MI,2015
4,0,0,33.00,1/21,1.0,8.25,2,4.0,0,4.0,CJ Anderson,33,24.0,0.0,1,MI,2015
5,0,0,52.57,2/26,6.0,8.45,13,13.0,0,43.3,R Vinay Kumar,368,37.2,0.0,7,MI,2015
6,0,0,33.70,2/14,8.0,8.64,12,13.0,0,39.0,J Suchith,337,23.4,0.0,10,MI,2015
7,0,0,40.00,1/6,9.0,9.47,8,16.0,0,12.4,KA Pollard,120,25.3,0.0,3,MI,2015
8,0,0,0.0,0.0,0.0,9.50,3,3.0,0,10.0,P Suyal,95,0.0,0.0,0,MI,2015
9,0,0,176.00,1/13,6.0,10.35,8,9.0,0,17.0,HH Pandya,176,102.0,0.0,1,MI,2015
10,0,0,23.00,1/23,0.0,10.61,1,1.0,0,2.1,S Gopal,23,13.0,0.0,1,MI,2015
11,0,0,0.0,0.0,0.0,11.50,1,1.0,0,2.0,PP Ojha,23,0.0,0.0,0,MI,2015
12,0,0,61.33,1/38,0.0,12.26,4,4.0,0,15.0,JJ Bumrah,184,30.0,0.0,3,MI,2015
13,0.0,0.0,0.0,0.0,3.0,0.0,0.0,6.0,0.0,0.0,UBT Chand,0.0,0.0,0.0,0.0,MI,2015
14,0.0,0.0,0.0,0.0,0.0,0.0,0.0,3.0,0.0,0.0,AJ Finch,0.0,0.0,0.0,0.0,MI,2015
15,0.0,0.0,0.0,0.0,7.0,0.0,0.0,14.0,0.0,0.0,PA Patel,0.0,0.0,3.0,0.0,MI,2015
16,0.0,0.0,0.0,0.0,9.0,0.0,0.0,15.0,0.0,0.0,AT Rayudu,0.0,0.0,0.0,0.0,MI,2015
17,0.0,0.0,0.0,0.0,5.0,0.0,0.0,16.0,0.0,0.0,RG Sharma,0.0,0.0,0.0,0.0,MI,2015
18,0.0,0.0,0.0,0.0,6.0,0.0,0.0,13.0,0.0,0.0,LMP Simmons,0.0,0.0,0.0,0.0,MI,2015
19,0.0,0.0,0.0,0.0,1.0,0.0,0.0,2.0,0.0,0.0,AP Tare,0.0,0.0,0.0,0.0,MI,2015
0,0,0,0.0,0.0,7.0,5.45,2,16.0,0,1.5,V Kohli,10,0.0,0.0,0,RCB,2015
1,1,0,14.55,4/15,7.0,6.76,12,13.0,1,43.0,MA Starc,291,12.9,0.0,20,RCB,2015
2,1,0,16.50,4/27,1.0,7.33,5,5.0,0,18.0,S Aravind,132,13.5,0.0,8,RCB,2015
3,0,0,19.29,2/12,1.0,7.48,14,15.0,0,43.5,HV Patel,328,15.4,0.0,17,RCB,2015
4,0,0,0.0,0.0,1.0,7.50,1,14.0,0,2.0,CH Gayle,15,0.0,0.0,0,RCB,2015
5,0,0,37.50,2/36,1.0,7.89,5,5.0,1,19.0,Iqbal Abdulla,150,28.5,0.0,4,RCB,2015
6,0,0,0.0,0.0,1.0,8.33,2,2.0,0,3.0,DJG Sammy,25,0.0,0.0,0,RCB,2015
7,1,0,22.06,4/33,5.0,8.33,13,14.0,0,42.2,D Wiese,353,15.8,0.0,16,RCB,2015
8,0,0,18.04,3/40,4.0,8.86,14,15.0,0,46.5,YS Chahal,415,12.2,0.0,23,RCB,2015
9,0,0,59.00,2/24,1.0,10.21,5,6.0,0,17.2,VR Aaron,177,34.6,0.0,3,RCB,2015
10,0,0,128.00,1/28,0.0,10.66,3,3.0,0,12.0,AN Ahmed,128,72.0,0.0,1,RCB,2015
11,0,0,0.0,0.0,0.0,11.40,2,2.0,0,5.0,SA Abbott,57,0.0,0.0,0,RCB,2015
12,0,0,0.0,0.0,1.0,12.40,2,2.0,0,5.0,AB Dinda,62,0.0,0.0,0,RCB,2015
13,0.0,0.0,0.0,0.0,1.0,0.0,0.0,2.0,0.0,0.0,MS Bisla,0.0,0.0,0.0,0.0,RCB,2015
14,0.0,0.0,0.0,0.0,8.0,0.0,0.0,16.0,0.0,0.0,AB de Villiers,0.0,0.0,0.0,0.0,RCB,2015
15,0.0,0.0,0.0,0.0,14.0,0.0,0.0,16.0,0.0,0.0,KD Karthik,0.0,0.0,4.0,0.0,RCB,2015
16,0.0,0.0,0.0,0.0,0.0,0.0,0.0,13.0,0.0,0.0,SN Khan,0.0,0.0,0.0,0.0,RCB,2015
17,0.0,0.0,0.0,0.0,0.0,0.0,0.0,1.0,0.0,0.0,NJ Maddinson,0.0,0.0,0.0,0.0,RCB,2015
18,0.0,0.0,0.0,0.0,7.0,0.0,0.0,14.0,0.0,0.0,Mandeep Singh,0.0,0.0,0.0,0.0,RCB,2015
19,0.0,0.0,0.0,0.0,2.0,0.0,0.0,2.0,0.0,0.0,RR Rossouw,0.0,0.0,0.0,0.0,RCB,2015
0,0,0,35.00,2/27,5.0,7.36,10,13.0,0,19.0,STR Binny,140,28.5,0.0,4,RR,2015
1,1,0,23.92,4/23,3.0,7.40,11,11.0,0,42.0,CH Morris,311,19.3,0.0,13,RR,2015
2,0,0,38.00,2/21,1.0,7.82,10,10.0,0,34.0,PV Tambe,266,29.1,0.0,7,RR,2015
3,0,0,21.30,2/9,5.0,7.91,11,11.0,1,35.0,DS Kulkarni,277,16.1,0.0,13,RR,2015
4,0,0,38.00,1/26,2.0,8.14,4,4.0,0,14.0,Ankit Sharma,114,28.0,0.0,3,RR,2015
5,0,0,129.00,1/35,1.0,8.50,7,14.0,0,15.1,DJ Hooda,129,91.0,0.0,1,RR,2015
6,0,0,41.16,2/32,4.0,8.82,7,7.0,1,28.0,TG Southee,247,28.0,0.0,6,RR,2015
7,0,0,0.0,0.0,0.0,9.20,2,2.0,0,5.0,R Bhatia,46,0.0,0.0,0,RR,2015
8,0,0,44.83,2/36,1.0,9.27,10,10.0,1,29.0,SR Watson,269,29.0,0.0,6,RR,2015
9,0,0,53.25,3/26,4.0,9.46,13,13.0,1,45.0,JP Faulkner,426,33.7,0.0,8,RR,2015
10,0,0,40.00,1/40,0.0,10.00,1,1.0,0,4.0,J Theron,40,24.0,0.0,1,RR,2015
11,0,0,31.00,1/31,0.0,10.33,1,1.0,0,3.0,R Tewatia,31,18.0,0.0,1,RR,2015
12,0,0,0.0,0.0,0.0,11.66,1,1.0,0,3.0,BB Sran,35,0.0,0.0,0,RR,2015
13,0.0,0.0,0.0,0.0,3.0,0.0,0.0,14.0,0.0,0.0,KK Nair,0.0,0.0,0.0,0.0,RR,2015
14,0.0,0.0,0.0,0.0,3.0,0.0,0.0,14.0,0.0,0.0,AM Rahane,0.0,0.0,0.0,0.0,RR,2015
15,0.0,0.0,0.0,0.0,9.0,0.0,0.0,14.0,0.0,0.0,SV Samson,0.0,0.0,0.0,0.0,RR,2015
16,0.0,0.0,0.0,0.0,7.0,0.0,0.0,14.0,0.0,0.0,SPD Smith,0.0,0.0,0.0,0.0,RR,2015
0,0,0,31.00,1/20,0.0,6.20,2,2.0,0,5.0,Parvez Rasool,31,30.0,0.0,1,SRH,2015
1,0,0,14.36,3/16,1.0,6.32,9,9.0,0,25.0,MC Henriques,158,13.6,0.0,11,SRH,2015
2,0,0,16.66,2/13,0.0,7.14,3,4.0,0,7.0,Bipul Sharma,50,14.0,0.0,3,SRH,2015
3,0,0,22.61,3/26,5.0,7.87,14,14.0,1,51.4,B Kumar,407,17.2,0.0,18,SRH,2015
4,0,0,26.66,2/18,2.0,8.00,7,9.0,0,20.0,RS Bopara,160,20.0,0.0,6,SRH,2015
5,0,0,16.66,1/11,1.0,8.33,4,6.0,0,6.0,A Ashish Reddy,50,12.0,0.0,3,SRH,2015
6,0,0,33.20,2/12,4.0,8.33,14,14.0,0,39.5,KV Sharma,332,23.9,0.0,10,SRH,2015
7,0,0,26.22,3/19,2.0,8.42,7,7.0,0,28.0,TA Boult,236,18.6,0.0,9,SRH,2015
8,0,0,56.66,2/38,2.0,8.94,6,6.0,0,19.0,DW Steyn,170,38.0,0.0,3,SRH,2015
9,0,0,47.00,2/35,3.0,9.13,12,12.0,0,36.0,P Kumar,329,30.8,0.0,7,SRH,2015
10,0,0,159.00,1/25,0.0,11.35,4,4.0,0,14.0,I Sharma,159,84.0,0.0,1,SRH,2015
11,0.0,0.0,0.0,0.0,6.0,0.0,0.0,14.0,0.0,0.0,S Dhawan,0.0,0.0,0.0,0.0,SRH,2015
12,0.0,0.0,0.0,0.0,5.0,0.0,0.0,9.0,0.0,0.0,EJG Morgan,0.0,0.0,0.0,0.0,SRH,2015
13,0.0,0.0,0.0,0.0,6.0,0.0,0.0,14.0,0.0,0.0,NV Ojha,0.0,0.0,1.0,0.0,SRH,2015
14,0.0,0.0,0.0,0.0,1.0,0.0,0.0,9.0,0.0,0.0,KL Rahul,0.0,0.0,0.0,0.0,SRH,2015
15,0.0,0.0,0.0,0.0,2.0,0.0,0.0,5.0,0.0,0.0,GH Vihari,0.0,0.0,0.0,0.0,SRH,2015
16,0.0,0.0,0.0,0.0,8.0,0.0,0.0,14.0,0.0,0.0,DA Warner,0.0,0.0,0.0,0.0,SRH,2015
17,0.0,0.0,0.0,0.0,2.0,0.0,0.0,2.0,0.0,0.0,KS Williamson,0.0,0.0,0.0,0.0,SRH,2015
0,0,0,23.69,2/30,8.0,7.00,12,12.0,0,44.0,CH Morris,308,20.3,0.0,13,DD,2016
1,0,0,62.50,1/23,1.0,7.35,5,5.0,0,17.0,J Yadav,125,51.0,0.0,2,DD,2016
2,1,0,26.46,4/11,3.0,7.47,14,14.0,0,46.0,A Mishra,344,21.2,0.0,13,DD,2016
3,0,0,38.00,2/25,0.0,7.60,4,4.0,0,15.0,NM Coulter-Nile,114,30.0,0.0,3,DD,2016
4,0,0,33.70,3/21,0.0,7.71,12,12.0,1,43.4,Z Khan,337,26.2,0.0,10,DD,2016
5,0,0,27.50,1/4,3.0,7.85,5,10.0,0,7.0,JP Duminy,55,21.0,0.0,2,DD,2016
6,0,0,27.00,3/47,3.0,8.15,8,8.0,0,23.1,CR Brathwaite,189,19.8,0.0,7,DD,2016
7,0,0,63.50,2/23,0.0,8.46,4,4.0,0,15.0,S Nadeem,127,45.0,0.0,2,DD,2016
8,0,0,27.60,3/24,0.0,8.62,4,4.0,0,16.0,Imran Tahir,138,19.2,0.0,5,DD,2016
9,0,0,84.00,1/19,2.0,9.33,5,8.0,0,9.0,P Negi,84,54.0,0.0,1,DD,2016
10,0,0,48.80,2/34,1.0,9.69,8,8.0,0,25.1,Mohammed Shami,244,30.2,0.0,5,DD,2016
11,0.0,0.0,0.0,0.0,0.0,0.0,0.0,3.0,0.0,0.0,MA Agarwal,0.0,0.0,0.0,0.0,DD,2016
12,0.0,0.0,0.0,0.0,3.0,0.0,0.0,5.0,0.0,0.0,SW Billings,0.0,0.0,0.0,0.0,DD,2016
13,0.0,0.0,0.0,0.0,2.0,0.0,0.0,13.0,0.0,0.0,Q de Kock,0.0,0.0,2.0,0.0,DD,2016
14,0.0,0.0,0.0,0.0,4.0,0.0,0.0,6.0,0.0,0.0,SS Iyer,0.0,0.0,0.0,0.0,DD,2016
15,0.0,0.0,0.0,0.0,3.0,0.0,0.0,14.0,0.0,0.0,KK Nair,0.0,0.0,0.0,0.0,DD,2016
16,0.0,0.0,0.0,0.0,3.0,0.0,0.0,10.0,0.0,0.0,RR Pant,0.0,0.0,0.0,0.0,DD,2016
17,0.0,0.0,0.0,0.0,3.0,0.0,0.0,14.0,0.0,0.0,SV Samson,0.0,0.0,1.0,0.0,DD,2016
0,1,0,20.22,4/14,2.0,7.42,14,14.0,4,49.0,DS Kulkarni,364,16.3,0.0,18,GL,2016
1,0,0,38.87,2/18,4.0,7.74,14,15.0,0,40.1,RA Jadeja,311,30.1,0.0,8,GL,2016
2,0,0,44.55,2/19,2.0,7.78,16,16.0,2,51.3,P Kumar,401,34.3,0.0,9,GL,2016
3,0,0,0.0,0.0,7.0,8.20,4,15.0,0,10.0,SK Raina,82,0.0,0.0,0,GL,2016
4,0,0,32.00,3/20,0.0,8.34,7,7.0,0,23.0,S Kaushik,192,23.0,0.0,6,GL,2016
5,1,0,19.12,4/8,7.0,8.50,8,12.0,0,18.0,DR Smith,153,13.5,0.0,8,GL,2016
6,0,0,0.0,0.0,0.0,8.50,1,1.0,0,2.0,DW Steyn,17,0.0,0.0,0,GL,2016
7,1,0,29.05,4/22,6.0,8.82,15,15.0,0,56.0,DJ Bravo,494,19.7,0.0,17,GL,2016
8,0,0,89.00,1/13,4.0,8.90,6,6.0,0,20.0,SB Jakati,178,60.0,0.0,2,GL,2016
9,0,0,28.60,2/12,1.0,8.93,7,7.0,0,16.0,PV Tambe,143,19.2,0.0,5,GL,2016
10,0,0,83.50,1/23,3.0,9.82,7,7.0,0,17.0,JP Faulkner,167,51.0,0.0,2,GL,2016
11,0,0,0.0,0.0,0.0,10.50,1,1.0,0,2.0,S Ladda,21,0.0,0.0,0,GL,2016
12,0,0,0.0,0.0,1.0,12.25,2,2.0,0,4.0,PJ Sangwan,49,0.0,0.0,0,GL,2016
13,0.0,0.0,0.0,0.0,0.0,0.0,0.0,4.0,0.0,0.0,AD Nath,0.0,0.0,0.0,0.0,GL,2016
14,0.0,0.0,0.0,0.0,2.0,0.0,0.0,4.0,0.0,0.0,ER Dwivedi,0.0,0.0,0.0,0.0,GL,2016
15,0.0,0.0,0.0,0.0,3.0,0.0,0.0,13.0,0.0,0.0,AJ Finch,0.0,0.0,0.0,0.0,GL,2016
16,0.0,0.0,0.0,0.0,1.0,0.0,0.0,5.0,0.0,0.0,Ishan Kishan,0.0,0.0,0.0,0.0,GL,2016
17,0.0,0.0,0.0,0.0,11.0,0.0,0.0,16.0,0.0,0.0,KD Karthik,0.0,0.0,3.0,0.0,GL,2016
18,0.0,0.0,0.0,0.0,0.0,0.0,0.0,16.0,0.0,0.0,BB McCullum,0.0,0.0,0.0,0.0,GL,2016
0,1.0,0.0,19.40,4/20,,7.97,12.0,12.0,0.0,36.3,AD Russell,291.0,14.6,,15.0,KKR,2016
1,0.0,0.0,24.81,2/21,,7.72,11.0,12.0,0.0,35.2,PP Chawla,273.0,19.2,,11.0,KKR,2016
2,0.0,0.0,27.63,3/26,,7.12,11.0,11.0,0.0,42.4,SP Narine,304.0,23.2,,11.0,KKR,2016
3,0.0,0.0,23.40,3/28,,9.0,9.0,9.0,0.0,26.0,UT Yadav,234.0,15.6,,10.0,KKR,2016
4,0.0,0.0,29.70,2/27,,8.36,10.0,10.0,0.0,35.3,M Morkel,297.0,21.3,,10.0,KKR,2016
5,0.0,0.0,16.66,3/35,,8.33,3.0,3.0,0.0,12.0,Kuldeep Yadav,100.0,12.0,,6.0,KKR,2016
6,0.0,0.0,48.60,1/14,,7.83,9.0,10.0,0.0,31.0,Shakib Al Hasan,243.0,37.2,,5.0,KKR,2016
7,0.0,0.0,35.50,3/19,,8.87,5.0,5.0,1.0,16.0,GB Hogg,142.0,24.0,,4.0,KKR,2016
8,0.0,0.0,32.66,1/14,,8.9,4.0,4.0,0.0,11.0,AS Rajpoot,98.0,22.0,,3.0,KKR,2016
9,0.0,0.0,18.50,2/6,,5.55,2.0,2.0,1.0,6.4,JW Hastings,37.0,20.0,,2.0,KKR,2016
10,0.0,0.0,51.50,2/33,,7.92,4.0,4.0,0.0,13.0,JO Holder,103.0,39.0,,2.0,KKR,2016
11,0.0,0.0,33.00,1/6,,5.5,4.0,15.0,0.0,6.0,YK Pathan,33.0,36.0,,1.0,KKR,2016
12,0.0,0.0,59.00,1/20,,9.83,3.0,4.0,0.0,6.0,R Sathish,59.0,36.0,,1.0,KKR,2016
13,0.0,0.0,0.0,0.0,,7.5,2.0,4.0,0.0,2.0,C Munro,15.0,0.0,,0.0,KKR,2016
14,0.0,0.0,0.0,0.0,,16.33,1.0,1.0,0.0,3.0,JD Unadkat,49.0,0.0,,0.0,KKR,2016
15,,,,,,,,,,,Records includes the following current or recent matches:,,,,,KKR,2016
16,,,,,,,,,,,"Sunrisers Hyderabad v Kolkata Knight Riders at Delhi, Indian Premier League elimination final, May 25, 2016
[Twenty20]",,,,,KKR,2016
17,,,,,,,,,,,"Kolkata Knight Riders v Sunrisers Hyderabad at Kolkata, Indian Premier League 55th match, May 22, 2016
[Twenty20]",,,,,KKR,2016
18,,,,,,,,,,,"Gujarat Lions v Kolkata Knight Riders at Kanpur, Indian Premier League 51st match, May 19, 2016
[Twenty20]",,,,,KKR,2016
0,0,0,0.0,0.0,0.0,7.16,2,2.0,0,6.0,Anureet Singh,43,0.0,0.0,0,KP,2016
1,0,0,24.40,2/11,2.0,7.32,14,14.0,1,50.0,Sandeep Sharma,366,20.0,0.0,15,KP,2016
2,0,0,15.50,2/15,5.0,7.75,3,7.0,0,4.0,Gurkeerat Singh,31,12.0,0.0,2,KP,2016
3,0,0,28.00,1/21,0.0,8.00,2,2.0,0,7.0,R Dhawan,56,21.0,0.0,2,KP,2016
4,0,0,0.0,0.0,2.0,8.00,1,14.0,0,1.0,M Vijay,8,0.0,0.0,0,KP,2016
5,1,0,29.84,4/21,2.0,8.11,14,14.0,0,47.5,AR Patel,388,22.0,0.0,13,KP,2016
6,0,0,48.66,2/18,0.0,8.34,5,5.0,0,17.3,P Sahu,146,35.0,0.0,3,KP,2016
7,0,0,31.30,3/23,3.0,8.39,14,14.0,0,48.3,MM Sharma,407,22.3,0.0,13,KP,2016
8,1,0,24.25,4/15,0.0,8.43,7,7.0,0,23.0,MP Stoinis,194,17.2,0.0,8,KP,2016
9,0,0,0.0,0.0,3.0,8.88,7,11.0,0,9.0,GJ Maxwell,80,0.0,0.0,0,KP,2016
10,0,0,53.00,2/16,2.0,9.35,5,5.0,0,17.0,KC Cariappa,159,34.0,0.0,3,KP,2016
11,0,0,53.00,1/35,1.0,9.63,3,3.0,0,11.0,MG Johnson,106,33.0,0.0,2,KP,2016
12,0,0,0.0,0.0,0.0,9.66,1,1.0,0,3.0,Swapnil Singh,29,0.0,0.0,0,KP,2016
13,0,0,88.50,1/38,0.0,11.06,5,5.0,0,16.0,KJ Abbott,177,48.0,0.0,2,KP,2016
14,0.0,0.0,0.0,0.0,0.0,0.0,0.0,6.0,0.0,0.0,HM Amla,0.0,0.0,0.0,0.0,KP,2016
15,0.0,0.0,0.0,0.0,1.0,0.0,0.0,3.0,0.0,0.0,F Behardien,0.0,0.0,0.0,0.0,KP,2016
16,0.0,0.0,0.0,0.0,1.0,0.0,0.0,6.0,0.0,0.0,SE Marsh,0.0,0.0,0.0,0.0,KP,2016
17,0.0,0.0,0.0,0.0,10.0,0.0,0.0,14.0,0.0,0.0,DA Miller,0.0,0.0,0.0,0.0,KP,2016
18,0.0,0.0,0.0,0.0,2.0,0.0,0.0,2.0,0.0,0.0,NS Naik,0.0,0.0,0.0,0.0,KP,2016
19,0.0,0.0,0.0,0.0,7.0,0.0,0.0,12.0,0.0,0.0,WP Saha,0.0,0.0,3.0,0.0,KP,2016
20,0.0,0.0,0.0,0.0,3.0,0.0,0.0,7.0,0.0,0.0,M Vohra,0.0,0.0,0.0,0.0,KP,2016
0,0,0,0.0,0.0,0.0,3.00,1,4.0,0,1.0,N Rana,3,0.0,0.0,0,MI,2016
1,0,0,0.0,0.0,0.0,6.00,1,1.0,0,3.0,S Gopal,18,0.0,0.0,0,MI,2016
2,0,0,21.33,2/17,0.0,7.11,3,3.0,1,9.0,R Vinay Kumar,64,18.0,0.0,3,MI,2016
3,0,0,39.33,2/15,2.0,7.57,11,12.0,0,31.1,KH Pandya,236,31.1,0.0,6,MI,2016
4,0,0,36.55,3/24,4.0,7.65,11,11.0,0,43.0,TG Southee,329,28.6,0.0,9,MI,2016
5,0,0,27.06,3/13,1.0,7.80,14,14.0,0,52.0,JJ Bumrah,406,20.8,0.0,15,MI,2016
6,0,0,43.55,2/29,4.0,8.00,14,14.0,0,49.0,Harbhajan Singh,392,32.6,0.0,9,MI,2016
7,1,0,25.64,4/21,0.0,8.17,14,14.0,0,53.2,MJ McClenaghan,436,18.8,0.0,17,MI,2016
8,0,0,51.00,1/7,6.0,9.18,10,11.0,0,16.4,HH Pandya,153,33.3,0.0,3,MI,2016
9,0,0,0.0,0.0,5.0,13.50,4,13.0,0,6.0,KA Pollard,81,0.0,0.0,0,MI,2016
10,0,0,0.0,0.0,0.0,15.50,1,1.0,0,2.0,J Suchith,31,0.0,0.0,0,MI,2016
11,0.0,0.0,0.0,0.0,7.0,0.0,0.0,14.0,0.0,0.0,JC Buttler,0.0,0.0,0.0,0.0,MI,2016
12,0.0,0.0,0.0,0.0,0.0,0.0,0.0,1.0,0.0,0.0,UBT Chand,0.0,0.0,0.0,0.0,MI,2016
13,0.0,0.0,0.0,0.0,0.0,0.0,0.0,3.0,0.0,0.0,MJ Guptill,0.0,0.0,0.0,0.0,MI,2016
14,0.0,0.0,0.0,0.0,9.0,0.0,0.0,10.0,0.0,0.0,PA Patel,0.0,0.0,1.0,0.0,MI,2016
15,0.0,0.0,0.0,0.0,4.0,0.0,0.0,13.0,0.0,0.0,AT Rayudu,0.0,0.0,0.0,0.0,MI,2016
16,0.0,0.0,0.0,0.0,2.0,0.0,0.0,14.0,0.0,0.0,RG Sharma,0.0,0.0,0.0,0.0,MI,2016
17,0.0,0.0,0.0,0.0,0.0,0.0,0.0,1.0,0.0,0.0,LMP Simmons,0.0,0.0,0.0,0.0,MI,2016
0,0,0,4.00,2/4,1.0,4.80,2,11.0,0,1.4,Sachin Baby,8,5.0,0.0,2,RCB,2016
1,0,0,31.50,2/11,4.0,6.30,4,10.0,0,10.0,CH Gayle,63,30.0,0.0,2,RCB,2016
2,0,0,19.63,2/18,3.0,7.40,9,9.0,0,29.1,S Aravind,216,15.9,0.0,11,RCB,2016
3,0,0,134.00,1/17,3.0,7.88,11,14.0,0,17.0,STR Binny,134,102.0,0.0,1,RCB,2016
4,1,0,19.09,4/25,4.0,8.15,13,13.0,0,49.1,YS Chahal,401,14.0,0.0,21,RCB,2016
5,0,0,35.50,3/40,4.0,8.52,8,8.0,0,25.0,Iqbal Abdulla,213,25.0,0.0,6,RCB,2016
6,1,0,24.25,4/29,6.0,8.58,16,16.0,0,56.3,SR Watson,485,16.9,0.0,20,RCB,2016
7,0,0,49.00,1/21,1.0,9.18,4,4.0,0,16.0,T Shamsi,147,32.0,0.0,3,RCB,2016
8,1,0,23.45,4/11,4.0,9.21,9,9.0,0,28.0,CJ Jordan,258,15.2,0.0,11,RCB,2016
9,0,0,129.00,1/31,2.0,9.21,4,4.0,0,14.0,Parvez Rasool,129,84.0,0.0,1,RCB,2016
10,0,0,113.50,2/37,0.0,9.59,8,8.0,0,23.4,VR Aaron,227,71.0,0.0,2,RCB,2016
11,0,0,19.42,3/13,2.0,9.71,4,4.0,0,14.0,KW Richardson,136,12.0,0.0,7,RCB,2016
12,0,0,147.00,1/46,2.0,10.50,5,5.0,0,14.0,HV Patel,147,84.0,0.0,1,RCB,2016
13,0,0,43.00,1/43,1.0,10.75,1,1.0,0,4.0,AF Milne,43,24.0,0.0,1,RCB,2016
14,0,0,0.0,0.0,1.0,12.25,1,1.0,0,4.0,D Wiese,49,0.0,0.0,0,RCB,2016
15,0,0,0.0,0.0,6.0,13.00,1,16.0,0,1.0,V Kohli,13,0.0,0.0,0,RCB,2016
16,0.0,0.0,0.0,0.0,19.0,0.0,0.0,16.0,0.0,0.0,AB de Villiers,0.0,0.0,0.0,0.0,RCB,2016
17,0.0,0.0,0.0,0.0,0.0,0.0,0.0,3.0,0.0,0.0,TM Head,0.0,0.0,0.0,0.0,RCB,2016
18,0.0,0.0,0.0,0.0,1.0,0.0,0.0,4.0,0.0,0.0,KM Jadhav,0.0,0.0,0.0,0.0,RCB,2016
19,0.0,0.0,0.0,0.0,0.0,0.0,0.0,5.0,0.0,0.0,SN Khan,0.0,0.0,0.0,0.0,RCB,2016
20,0.0,0.0,0.0,0.0,1.0,0.0,0.0,1.0,0.0,0.0,Mandeep Singh,0.0,0.0,0.0,0.0,RCB,2016
21,0.0,0.0,0.0,0.0,5.0,0.0,0.0,14.0,0.0,0.0,KL Rahul,0.0,0.0,4.0,0.0,RCB,2016
0,0,0,11.25,2/14,0.0,5.00,3,3.0,0,9.0,MR Marsh,45,13.5,0.0,4,RPS,2016
1,0,1,9.58,6/19,0.0,6.76,5,5.0,0,17.0,A Zampa,115,8.5,0.0,12,RPS,2016
2,0,0,40.66,2/19,2.0,7.17,10,10.0,1,34.0,R Bhatia,244,34.0,0.0,6,RPS,2016
3,1,0,31.90,4/34,3.0,7.25,14,14.0,0,44.0,R Ashwin,319,26.4,0.0,10,RPS,2016
4,0,0,21.00,3/20,0.0,7.57,9,9.0,2,30.3,AB Dinda,231,16.6,0.0,11,RPS,2016
5,0,0,0.0,0.0,1.0,7.62,3,4.0,0,8.0,IK Pathan,61,0.0,0.0,0,RPS,2016
6,0,0,84.00,1/27,1.0,7.63,3,3.0,0,11.0,Ankit Sharma,84,66.0,0.0,1,RPS,2016
7,0,0,27.00,2/31,0.0,7.71,2,2.0,0,7.0,SM Boland,54,21.0,0.0,2,RPS,2016
8,0,0,0.0,0.0,1.0,8.20,2,2.0,0,5.0,DL Chahar,41,0.0,0.0,0,RPS,2016
9,0,0,34.42,3/36,0.0,8.45,10,10.0,0,28.3,M Ashwin,241,24.4,0.0,7,RPS,2016
10,0,0,37.00,1/23,0.0,9.25,4,4.0,0,12.0,RP Singh,111,24.0,0.0,3,RPS,2016
11,0,0,36.22,3/34,5.0,9.82,11,12.0,0,33.1,NLTC Perera,326,22.1,0.0,9,RPS,2016
12,0,0,49.33,2/36,2.0,9.86,4,4.0,0,15.0,I Sharma,148,30.0,0.0,3,RPS,2016
13,0,0,33.00,2/36,1.0,13.20,2,2.0,0,5.0,JA Morkel,66,15.0,0.0,2,RPS,2016
14,0.0,0.0,0.0,0.0,2.0,0.0,0.0,6.0,0.0,0.0,GJ Bailey,0.0,0.0,0.0,0.0,RPS,2016
15,0.0,0.0,0.0,0.0,8.0,0.0,0.0,14.0,0.0,0.0,MS Dhoni,0.0,0.0,4.0,0.0,RPS,2016
16,0.0,0.0,0.0,0.0,4.0,0.0,0.0,6.0,0.0,0.0,F du Plessis,0.0,0.0,0.0,0.0,RPS,2016
17,0.0,0.0,0.0,0.0,0.0,0.0,0.0,2.0,0.0,0.0,PSP Handscomb,0.0,0.0,0.0,0.0,RPS,2016
18,0.0,0.0,0.0,0.0,1.0,0.0,0.0,6.0,0.0,0.0,UT Khawaja,0.0,0.0,0.0,0.0,RPS,2016
19,0.0,0.0,0.0,0.0,1.0,0.0,0.0,4.0,0.0,0.0,KP Pietersen,0.0,0.0,0.0,0.0,RPS,2016
20,0.0,0.0,0.0,0.0,7.0,0.0,0.0,14.0,0.0,0.0,AM Rahane,0.0,0.0,0.0,0.0,RPS,2016
21,0.0,0.0,0.0,0.0,2.0,0.0,0.0,8.0,0.0,0.0,SPD Smith,0.0,0.0,0.0,0.0,RPS,2016
22,0.0,0.0,0.0,0.0,4.0,0.0,0.0,10.0,0.0,0.0,SS Tiwary,0.0,0.0,0.0,0.0,RPS,2016
0,0,0,24.76,3/16,2.0,6.90,16,16.0,1,61.0,Mustafizur Rahman,421,21.5,0.0,17,SRH,2016
1,0,0,0.0,0.0,5.0,7.00,1,6.0,0,1.0,KS Williamson,7,0.0,0.0,0,SRH,2016
2,0,0,16.00,2/20,1.0,7.16,4,4.0,0,11.1,BCJ Cutting,80,13.4,0.0,5,SRH,2016
3,1,0,21.30,4/29,6.0,7.42,17,17.0,3,66.0,B Kumar,490,17.2,0.0,23,SRH,2016
4,0,0,32.33,2/16,3.0,7.46,6,17.0,0,13.0,DJ Hooda,97,26.0,0.0,3,SRH,2016
5,0,0,22.11,3/15,1.0,7.65,8,8.0,1,26.0,A Nehra,199,17.3,0.0,9,SRH,2016
6,0,0,34.58,2/17,11.0,7.98,17,17.0,0,52.0,MC Henriques,415,26.0,0.0,12,SRH,2016
7,0,0,29.50,3/28,2.0,8.34,14,14.0,0,49.3,BB Sran,413,21.2,0.0,14,SRH,2016
8,0,0,0.0,0.0,1.0,8.43,5,10.0,0,6.1,Yuvraj Singh,52,0.0,0.0,0,SRH,2016
9,0,0,40.33,1/10,2.0,8.64,6,7.0,0,14.0,Bipul Sharma,121,28.0,0.0,3,SRH,2016
10,0,0,39.00,1/39,1.0,9.75,1,1.0,0,4.0,TA Boult,39,24.0,0.0,1,SRH,2016
11,0,0,39.00,1/14,1.0,10.17,2,4.0,0,3.5,A Ashish Reddy,39,23.0,0.0,1,SRH,2016
12,0,0,0.0,0.0,0.0,10.46,5,5.0,0,16.2,KV Sharma,171,0.0,0.0,0,SRH,2016
13,0.0,0.0,0.0,0.0,5.0,0.0,0.0,17.0,0.0,0.0,S Dhawan,0.0,0.0,0.0,0.0,SRH,2016
14,0.0,0.0,0.0,0.0,3.0,0.0,0.0,7.0,0.0,0.0,EJG Morgan,0.0,0.0,0.0,0.0,SRH,2016
15,0.0,0.0,0.0,0.0,18.0,0.0,0.0,17.0,0.0,0.0,NV Ojha,0.0,0.0,0.0,0.0,SRH,2016
16,0.0,0.0,0.0,0.0,1.0,0.0,0.0,3.0,0.0,0.0,AP Tare,0.0,0.0,0.0,0.0,SRH,2016
17,0.0,0.0,0.0,0.0,4.0,0.0,0.0,17.0,0.0,0.0,DA Warner,0.0,0.0,0.0,0.0,SRH,2016
0,0,0,19.83,2/13,2.0,6.67,7,7.0,0,17.5,S Nadeem,119,17.8,0.0,6,DD,2017
1,0,0,0.0,0.0,0.0,7.00,2,2.0,0,6.0,J Yadav,42,0.0,0.0,0,DD,2017
2,1,0,20.00,4/26,5.0,7.74,9,9.0,0,31.0,CH Morris,240,15.5,0.0,12,DD,2017
3,0,0,31.30,3/20,4.0,7.79,11,11.0,0,40.1,Z Khan,313,24.1,0.0,10,DD,2017
4,0,0,24.86,2/20,1.0,8.07,12,12.0,0,46.1,PJ Cummins,373,18.4,0.0,15,DD,2017
5,0,0,31.33,2/20,0.0,8.81,6,6.0,0,21.2,K Rabada,188,21.3,0.0,6,DD,2017
6,0,0,34.30,3/11,3.0,8.83,14,14.0,1,38.5,A Mishra,343,23.3,0.0,10,DD,2017
7,0,0,48.60,2/36,0.0,9.34,8,8.0,0,26.0,Mohammed Shami,243,31.2,0.0,5,DD,2017
8,0,0,62.00,1/23,5.0,9.87,8,11.0,0,18.5,CJ Anderson,186,37.6,0.0,3,DD,2017
9,0,0,67.00,1/38,0.0,11.16,2,2.0,0,6.0,CR Brathwaite,67,36.0,0.0,1,DD,2017
10,0,0,0.0,0.0,2.0,11.20,2,3.0,0,5.0,AD Mathews,56,0.0,0.0,0,DD,2017
11,0,0,0.0,0.0,1.0,11.33,2,5.0,0,3.0,MN Samuels,34,0.0,0.0,0,DD,2017
12,0.0,0.0,0.0,0.0,0.0,0.0,0.0,1.0,0.0,0.0,AR Bawne,0.0,0.0,0.0,0.0,DD,2017
13,0.0,0.0,0.0,0.0,4.0,0.0,0.0,6.0,0.0,0.0,SW Billings,0.0,0.0,0.0,0.0,DD,2017
14,0.0,0.0,0.0,0.0,3.0,0.0,0.0,12.0,0.0,0.0,SS Iyer,0.0,0.0,0.0,0.0,DD,2017
15,0.0,0.0,0.0,0.0,2.0,0.0,0.0,14.0,0.0,0.0,KK Nair,0.0,0.0,0.0,0.0,DD,2017
16,0.0,0.0,0.0,0.0,8.0,0.0,0.0,14.0,0.0,0.0,RR Pant,0.0,0.0,3.0,0.0,DD,2017
17,0.0,0.0,0.0,0.0,4.0,0.0,0.0,14.0,0.0,0.0,SV Samson,0.0,0.0,0.0,0.0,DD,2017
18,0.0,0.0,0.0,0.0,0.0,0.0,0.0,3.0,0.0,0.0,AP Tare,0.0,0.0,0.0,0.0,DD,2017
0,0,0,15.00,1/7,0.0,3.75,2,2.0,0,4.0,NB Singh,15,24.0,0.0,1,GL,2017
1,0,1,11.75,5/17,0.0,6.71,6,6.0,0,21.0,AJ Tye,141,10.5,0.0,12,GL,2017
2,0,0,72.00,1/16,1.0,7.92,6,7.0,0,18.1,Ankit Soni,144,54.5,0.0,2,GL,2017
3,0,0,57.00,1/35,0.0,8.14,2,2.0,0,7.0,MM Patel,57,42.0,0.0,1,GL,2017
4,0,0,102.00,1/11,4.0,8.50,6,14.0,0,12.0,SK Raina,102,72.0,0.0,1,GL,2017
5,0,0,25.16,2/22,0.0,9.15,6,6.0,0,16.3,P Kumar,151,16.5,0.0,6,GL,2017
6,0,0,69.80,2/28,2.0,9.18,12,12.0,0,38.0,RA Jadeja,349,45.6,0.0,5,GL,2017
7,0,0,57.66,1/24,1.0,9.18,6,6.0,0,18.5,DS Kulkarni,173,37.6,0.0,3,GL,2017
8,0,0,0.0,0.0,0.0,9.42,1,1.0,0,3.3,Tejas Baroka,33,0.0,0.0,0,GL,2017
9,0,0,38.54,3/29,2.0,9.49,12,12.0,0,44.4,Basil Thampi,424,24.3,0.0,11,GL,2017
10,0,0,0.0,0.0,0.0,9.54,3,3.0,0,11.0,S Kaushik,105,0.0,0.0,0,GL,2017
11,0,0,43.00,2/34,3.0,9.79,8,8.0,0,26.2,JP Faulkner,258,26.3,0.0,6,GL,2017
12,0,0,36.20,2/38,0.0,10.05,5,5.0,0,18.0,PJ Sangwan,181,21.6,0.0,5,GL,2017
13,0,0,0.0,0.0,0.0,10.40,2,2.0,0,5.0,SB Jakati,52,0.0,0.0,0,GL,2017
14,0,0,42.00,1/42,1.0,10.50,1,1.0,0,4.0,SS Agarwal,42,24.0,0.0,1,GL,2017
15,0,0,74.00,1/10,3.0,11.38,9,12.0,0,13.0,DR Smith,148,39.0,0.0,2,GL,2017
16,0,0,0.0,0.0,0.0,13.00,1,1.0,0,2.0,IK Pathan,26,0.0,0.0,0,GL,2017
17,0,0,0.0,0.0,0.0,16.00,1,1.0,0,2.0,MS Gony,32,0.0,0.0,0,GL,2017
18,0.0,0.0,0.0,0.0,0.0,0.0,0.0,1.0,0.0,0.0,AD Nath,0.0,0.0,0.0,0.0,GL,2017
19,0.0,0.0,0.0,0.0,5.0,0.0,0.0,13.0,0.0,0.0,AJ Finch,0.0,0.0,0.0,0.0,GL,2017
20,0.0,0.0,0.0,0.0,3.0,0.0,0.0,11.0,0.0,0.0,Ishan Kishan,0.0,0.0,0.0,0.0,GL,2017
21,0.0,0.0,0.0,0.0,8.0,0.0,0.0,14.0,0.0,0.0,KD Karthik,0.0,0.0,0.0,0.0,GL,2017
22,0.0,0.0,0.0,0.0,8.0,0.0,0.0,11.0,0.0,0.0,BB McCullum,0.0,0.0,0.0,0.0,GL,2017
23,0.0,0.0,0.0,0.0,1.0,0.0,0.0,3.0,0.0,0.0,JJ Roy,0.0,0.0,0.0,0.0,GL,2017
0,0.0,0.0,22.70,3/6,,8.77,13.0,13.0,0.0,44.0,CR Woakes,386.0,15.5,,17.0,KKR,2017
1,1.0,0.0,24.11,4/33,,8.45,14.0,14.0,0.0,48.3,UT Yadav,410.0,17.1,,17.0,KKR,2017
2,0.0,0.0,15.20,3/20,,8.04,8.0,8.0,0.0,28.2,NM Coulter-Nile,228.0,11.3,,15.0,KKR,2017
3,0.0,0.0,28.33,2/25,,8.29,11.0,12.0,0.0,41.0,Kuldeep Yadav,340.0,20.5,,12.0,KKR,2017
4,0.0,0.0,41.20,2/29,,6.98,15.0,16.0,0.0,59.0,SP Narine,412.0,35.4,,10.0,KKR,2017
5,0.0,0.0,29.83,2/34,,8.95,6.0,6.0,0.0,20.0,PP Chawla,179.0,20.0,,6.0,KKR,2017
6,0.0,0.0,43.20,2/30,,9.06,6.0,6.0,0.0,23.5,TA Boult,216.0,28.6,,5.0,KKR,2017
7,0.0,0.0,26.75,3/37,,7.64,5.0,5.0,0.0,14.0,AS Rajpoot,107.0,21.0,,4.0,KKR,2017
8,0.0,0.0,33.75,3/4,,8.43,9.0,12.0,0.0,16.0,C de Grandhomme,135.0,24.0,,4.0,KKR,2017
9,0.0,0.0,41.00,1/2,,10.25,4.0,15.0,0.0,4.0,YK Pathan,41.0,24.0,,1.0,KKR,2017
10,0.0,0.0,0.0,0.0,,10.33,1.0,1.0,0.0,3.0,Shakib Al Hasan,31.0,0.0,,0.0,KKR,2017
11,,,,,,,,,,,Records includes the following current or recent matches:,,,,,KKR,2017
12,,,,,,,,,,,"Mumbai Indians v Kolkata Knight Riders at Bengaluru, Indian Premier League 2nd qualifying final, May 19, 2017
[Twenty20]",,,,,KKR,2017
13,,,,,,,,,,,"Sunrisers Hyderabad v Kolkata Knight Riders at Bengaluru, Indian Premier League elimination final, May 17, 2017
[Twenty20]",,,,,KKR,2017
14,,,,,,,,,,,"Kolkata Knight Riders v Mumbai Indians at Kolkata, Indian Premier League 54th match, May 13, 2017
[Twenty20]",,,,,KKR,2017
0,0,0,16.33,2/18,0.0,5.44,3,3.0,0,9.0,R Tewatia,49,18.0,0.0,3,KP,2017
1,0,0,17.85,2/15,7.0,6.57,8,14.0,0,19.0,GJ Maxwell,125,16.2,0.0,7,KP,2017
2,0,0,24.13,3/11,7.0,7.54,14,14.0,0,48.0,AR Patel,362,19.2,0.0,15,KP,2017
3,0,0,23.28,2/3,0.0,8.15,6,6.0,0,20.0,VR Aaron,163,17.1,0.0,7,KP,2017
4,1,0,23.41,4/20,3.0,8.29,13,13.0,0,48.0,Sandeep Sharma,398,16.9,0.0,17,KP,2017
5,0,0,31.75,2/24,1.0,8.46,4,4.0,0,15.0,KC Cariappa,127,22.5,0.0,4,KP,2017
6,0,0,61.00,1/14,1.0,8.71,4,4.0,0,7.0,Swapnil Singh,61,42.0,0.0,1,KP,2017
7,0,0,31.53,2/24,3.0,8.97,14,14.0,0,45.4,MM Sharma,410,21.0,0.0,13,KP,2017
8,0,0,57.50,1/26,0.0,9.07,6,6.0,0,12.4,T Natarajan,115,38.0,0.0,2,KP,2017
9,0,0,0.0,0.0,0.0,9.94,6,6.0,0,18.0,I Sharma,179,0.0,0.0,0,KP,2017
10,0,0,55.00,1/28,3.0,10.47,5,5.0,0,10.3,MP Stoinis,110,31.5,0.0,2,KP,2017
11,0,0,0.0,0.0,0.0,13.00,1,1.0,0,2.0,Anureet Singh,26,0.0,0.0,0,KP,2017
12,0,0,71.00,1/31,0.0,14.20,2,2.0,0,5.0,MJ Henry,71,30.0,0.0,1,KP,2017
13,0.0,0.0,0.0,0.0,0.0,0.0,0.0,10.0,0.0,0.0,HM Amla,0.0,0.0,0.0,0.0,KP,2017
14,0.0,0.0,0.0,0.0,6.0,0.0,0.0,7.0,0.0,0.0,MJ Guptill,0.0,0.0,0.0,0.0,KP,2017
15,0.0,0.0,0.0,0.0,1.0,0.0,0.0,2.0,0.0,0.0,Gurkeerat Singh,0.0,0.0,0.0,0.0,KP,2017
16,0.0,0.0,0.0,0.0,2.0,0.0,0.0,9.0,0.0,0.0,SE Marsh,0.0,0.0,0.0,0.0,KP,2017
17,0.0,0.0,0.0,0.0,2.0,0.0,0.0,5.0,0.0,0.0,DA Miller,0.0,0.0,0.0,0.0,KP,2017
18,0.0,0.0,0.0,0.0,3.0,0.0,0.0,4.0,0.0,0.0,EJG Morgan,0.0,0.0,0.0,0.0,KP,2017
19,0.0,0.0,0.0,0.0,10.0,0.0,0.0,14.0,0.0,0.0,WP Saha,0.0,0.0,2.0,0.0,KP,2017
20,0.0,0.0,0.0,0.0,2.0,0.0,0.0,11.0,0.0,0.0,M Vohra,0.0,0.0,0.0,0.0,KP,2017
0,0,0,33.25,3/22,2.0,6.48,11,11.0,0,41.0,Harbhajan Singh,266,30.7,0.0,8,MI,2017
1,0,0,27.30,3/14,2.0,6.82,13,13.0,0,40.0,KH Pandya,273,24.0,0.0,10,MI,2017
2,1,0,16.46,4/16,3.0,6.97,9,9.0,0,30.4,KV Sharma,214,14.1,0.0,13,MI,2017
3,0,0,20.14,3/26,1.0,7.05,5,5.0,1,20.0,MG Johnson,141,17.1,0.0,7,MI,2017
4,0,0,22.00,3/7,2.0,7.41,16,16.0,2,59.2,JJ Bumrah,440,17.8,0.0,20,MI,2017
5,0,0,35.50,2/22,12.0,8.19,13,17.0,0,26.0,HH Pandya,213,26.0,0.0,6,MI,2017
6,0,0,34.72,2/5,1.0,8.52,12,12.0,0,44.5,SL Malinga,382,24.4,0.0,11,MI,2017
7,0,0,26.68,3/24,1.0,9.38,14,14.0,0,54.0,MJ McClenaghan,507,17.0,0.0,19,MI,2017
8,0,0,32.00,2/39,1.0,9.60,3,3.0,1,10.0,TG Southee,96,20.0,0.0,3,MI,2017
9,0,0,15.50,2/31,0.0,10.33,1,1.0,0,3.0,R Vinay Kumar,31,9.0,0.0,2,MI,2017
10,0,0,0.0,0.0,15.0,16.36,1,17.0,0,1.5,KA Pollard,30,0.0,0.0,0,MI,2017
11,0.0,0.0,0.0,0.0,1.0,0.0,0.0,10.0,0.0,0.0,JC Buttler,0.0,0.0,0.0,0.0,MI,2017
12,0.0,0.0,0.0,0.0,6.0,0.0,0.0,16.0,0.0,0.0,PA Patel,0.0,0.0,2.0,0.0,MI,2017
13,0.0,0.0,0.0,0.0,4.0,0.0,0.0,13.0,0.0,0.0,N Rana,0.0,0.0,0.0,0.0,MI,2017
14,0.0,0.0,0.0,0.0,3.0,0.0,0.0,5.0,0.0,0.0,AT Rayudu,0.0,0.0,0.0,0.0,MI,2017
15,0.0,0.0,0.0,0.0,10.0,0.0,0.0,17.0,0.0,0.0,RG Sharma,0.0,0.0,0.0,0.0,MI,2017
16,0.0,0.0,0.0,0.0,2.0,0.0,0.0,7.0,0.0,0.0,LMP Simmons,0.0,0.0,0.0,0.0,MI,2017
17,0.0,0.0,0.0,0.0,0.0,0.0,0.0,1.0,0.0,0.0,SS Tiwary,0.0,0.0,0.0,0.0,MI,2017
0,0,0,23.00,1/23,0.0,5.75,1,1.0,0,4.0,Avesh Khan,23,24.0,0.0,1,RCB,2017
1,0,0,12.31,3/10,3.0,6.12,12,12.0,0,32.1,P Negi,197,12.0,0.0,16,RCB,2017
2,1,0,20.88,4/9,2.0,7.52,7,7.0,1,25.0,S Badree,188,16.6,0.0,9,RCB,2017
3,0,0,23.78,3/16,3.0,7.65,13,13.0,0,43.3,YS Chahal,333,18.6,0.0,14,RCB,2017
4,0,0,12.50,1/9,1.0,8.33,4,8.0,0,6.0,STR Binny,50,9.0,0.0,4,RCB,2017
5,0,0,28.80,2/17,0.0,8.55,5,5.0,2,16.5,A Choudhary,144,20.2,0.0,5,RCB,2017
6,0,0,30.60,2/31,1.0,8.57,5,5.0,0,17.5,TS Mills,153,21.4,0.0,5,RCB,2017
7,0,0,35.00,2/29,1.0,8.75,2,2.0,0,8.0,B Stanlake,70,24.0,0.0,2,RCB,2017
8,0,0,55.00,2/29,1.0,9.01,10,10.0,0,30.3,S Aravind,275,36.6,0.0,5,RCB,2017
9,0,0,49.00,1/16,2.0,9.13,8,8.0,0,26.5,SR Watson,245,32.2,0.0,5,RCB,2017
10,0,0,44.66,2/27,4.0,9.57,4,4.0,0,14.0,AF Milne,134,28.0,0.0,3,RCB,2017
11,0,0,40.50,2/30,3.0,10.12,5,7.0,0,8.0,TM Head,81,24.0,0.0,2,RCB,2017
12,0,0,14.33,3/43,0.0,10.75,1,1.0,0,4.0,HV Patel,43,8.0,0.0,3,RCB,2017
13,0,0,27.50,2/36,0.0,11.00,2,2.0,0,5.0,Iqbal Abdulla,55,15.0,0.0,2,RCB,2017
14,0.0,0.0,0.0,0.0,6.0,0.0,0.0,9.0,0.0,0.0,AB de Villiers,0.0,0.0,0.0,0.0,RCB,2017
15,0.0,0.0,0.0,0.0,2.0,0.0,0.0,9.0,0.0,0.0,CH Gayle,0.0,0.0,0.0,0.0,RCB,2017
16,0.0,0.0,0.0,0.0,7.0,0.0,0.0,13.0,0.0,0.0,KM Jadhav,0.0,0.0,3.0,0.0,RCB,2017
17,0.0,0.0,0.0,0.0,5.0,0.0,0.0,10.0,0.0,0.0,V Kohli,0.0,0.0,0.0,0.0,RCB,2017
18,0.0,0.0,0.0,0.0,6.0,0.0,0.0,11.0,0.0,0.0,Mandeep Singh,0.0,0.0,0.0,0.0,RCB,2017
19,0.0,0.0,0.0,0.0,2.0,0.0,0.0,3.0,0.0,0.0,Sachin Baby,0.0,0.0,0.0,0.0,RCB,2017
20,0.0,0.0,0.0,0.0,0.0,0.0,0.0,3.0,0.0,0.0,Vishnu Vinod,0.0,0.0,2.0,0.0,RCB,2017
0,0,0,23.12,3/16,5.0,6.16,10,11.0,0,30.0,Washington Sundar,185,22.5,0.0,8,RPS,2017
1,0,1,13.41,5/30,9.0,7.02,12,12.0,3,45.5,JD Unadkat,322,11.4,0.0,24,RPS,2017
2,0,0,31.00,2/7,0.0,7.15,4,4.0,1,13.0,LH Ferguson,93,26.0,0.0,3,RPS,2017
3,0,0,26.33,3/18,5.0,7.18,12,12.0,1,44.0,BA Stokes,316,22.0,0.0,12,RPS,2017
4,0,0,27.09,2/10,6.0,7.45,13,13.0,0,40.0,DT Christian,298,21.8,0.0,11,RPS,2017
5,0,0,20.50,3/18,2.0,7.85,12,12.0,0,47.0,Imran Tahir,369,15.6,0.0,18,RPS,2017
6,0,0,27.50,2/14,2.0,7.85,3,3.0,0,7.0,R Bhatia,55,21.0,0.0,2,RPS,2017
7,0,0,23.28,2/22,0.0,8.21,6,6.0,0,19.5,A Zampa,163,17.0,0.0,7,RPS,2017
8,0,0,28.63,3/19,4.0,8.25,12,12.0,0,38.1,SN Thakur,315,20.8,0.0,11,RPS,2017
9,0,0,29.00,1/26,1.0,8.28,2,3.0,0,7.0,RD Chahar,58,21.0,0.0,2,RPS,2017
10,0,0,74.00,1/35,0.0,10.57,3,3.0,0,7.0,DL Chahar,74,42.0,0.0,1,RPS,2017
11,0,0,119.00,1/26,0.0,11.90,3,3.0,0,10.0,AB Dinda,119,60.0,0.0,1,RPS,2017
12,0,0,0.0,0.0,5.0,12.00,1,14.0,0,1.0,RA Tripathi,12,0.0,0.0,0,RPS,2017
13,0,0,0.0,0.0,0.0,16.00,1,1.0,0,1.0,Ankit Sharma,16,0.0,0.0,0,RPS,2017
14,0.0,0.0,0.0,0.0,1.0,0.0,0.0,3.0,0.0,0.0,MA Agarwal,0.0,0.0,0.0,0.0,RPS,2017
15,0.0,0.0,0.0,0.0,10.0,0.0,0.0,16.0,0.0,0.0,MS Dhoni,0.0,0.0,3.0,0.0,RPS,2017
16,0.0,0.0,0.0,0.0,0.0,0.0,0.0,2.0,0.0,0.0,F du Plessis,0.0,0.0,0.0,0.0,RPS,2017
17,0.0,0.0,0.0,0.0,6.0,0.0,0.0,16.0,0.0,0.0,AM Rahane,0.0,0.0,0.0,0.0,RPS,2017
18,0.0,0.0,0.0,0.0,7.0,0.0,0.0,15.0,0.0,0.0,SPD Smith,0.0,0.0,0.0,0.0,RPS,2017
19,0.0,0.0,0.0,0.0,6.0,0.0,0.0,15.0,0.0,0.0,MK Tiwary,0.0,0.0,0.0,0.0,RPS,2017
0,0,0,29.00,1/13,0.0,5.27,3,3.0,0,11.0,Mohammad Nabi,58,33.0,0.0,2,SRH,2017
1,0,0,21.05,3/19,5.0,6.62,14,14.0,0,54.0,Rashid Khan,358,19.0,0.0,17,SRH,2017
2,0,1,14.19,5/19,4.0,7.05,14,14.0,0,52.2,B Kumar,369,12.0,0.0,26,SRH,2017
3,0,0,43.00,1/4,1.0,7.89,7,7.0,0,16.2,Bipul Sharma,129,32.6,0.0,3,SRH,2017
4,1,0,18.75,4/29,3.0,8.41,10,10.0,0,35.4,S Kaul,300,13.3,0.0,16,SRH,2017
5,0,0,9.00,1/9,0.0,9.00,1,1.0,0,1.0,CJ Jordan,9,6.0,0.0,1,SRH,2017
6,1,0,21.20,4/32,1.0,9.21,6,6.0,0,23.0,Mohammed Siraj,212,13.8,0.0,10,SRH,2017
7,0,0,24.62,3/42,1.0,9.30,6,6.0,0,21.1,A Nehra,197,15.8,0.0,8,SRH,2017
8,0,0,123.00,1/41,1.0,9.71,4,4.0,0,12.4,BCJ Cutting,123,76.0,0.0,1,SRH,2017
9,0,0,248.00,1/6,5.0,10.33,12,12.0,0,24.0,MC Henriques,248,144.0,0.0,1,SRH,2017
10,0,0,21.00,1/7,5.0,10.50,3,10.0,0,4.0,DJ Hooda,42,12.0,0.0,2,SRH,2017
11,0,0,22.00,1/6,3.0,11.00,2,12.0,0,2.0,Yuvraj Singh,22,12.0,0.0,1,SRH,2017
12,0,0,0.0,0.0,0.0,12.75,1,1.0,0,2.4,Mustafizur Rahman,34,0.0,0.0,0,SRH,2017
13,0,0,0.0,0.0,0.0,14.50,1,1.0,0,2.0,BB Sran,29,0.0,0.0,0,SRH,2017
14,0.0,0.0,0.0,0.0,7.0,0.0,0.0,14.0,0.0,0.0,S Dhawan,0.0,0.0,0.0,0.0,SRH,2017
15,0.0,0.0,0.0,0.0,6.0,0.0,0.0,14.0,0.0,0.0,NV Ojha,0.0,0.0,0.0,0.0,SRH,2017
16,0.0,0.0,0.0,0.0,1.0,0.0,0.0,4.0,0.0,0.0,V Shankar,0.0,0.0,0.0,0.0,SRH,2017
17,0.0,0.0,0.0,0.0,10.0,0.0,0.0,14.0,0.0,0.0,DA Warner,0.0,0.0,0.0,0.0,SRH,2017
18,0.0,0.0,0.0,0.0,1.0,0.0,0.0,7.0,0.0,0.0,KS Williamson,0.0,0.0,0.0,0.0,SRH,2017
