,wickets,Total,batting_team,venue,match_winner,wickets_6overs,runs_6overs,toss,year,winner
0,3,115,Mumbai Indians,"MA Chidambaram Stadium, Chepauk",Mumbai Indians,0,54.0,1,2012,1.0
1,2,100,Delhi Daredevils,Eden Gardens,Delhi Daredevils,0,49.0,1,2012,1.0
2,9,101,Mumbai Indians,Wankhede Stadium,Pune Warriors,3,31.0,1,2012,
3,9,160,Kings XI Punjab,Sawai Mansingh Stadium,Rajasthan Royals,2,47.0,1,2012,
4,7,137,Delhi Daredevils,M Chinnaswamy Stadium,Royal Challengers Bangalore,1,48.0,1,2012,
5,10,119,Deccan Chargers,Dr. Y.S. Rajasekhara Reddy ACA-VDCA Cricket Stadium,Chennai Super Kings,1,45.0,1,2012,
6,10,142,Kolkata Knight Riders,Sawai Mansingh Stadium,Rajasthan Royals,4,29.0,1,2012,
7,8,144,Kings XI Punjab,Subrata Roy Sahara Stadium,Pune Warriors,2,20.0,0,2012,
8,5,142,Mumbai Indians,Dr. Y.S. Rajasekhara Reddy ACA-VDCA Cricket Stadium,Mumbai Indians,2,30.0,0,2012,1.0
9,9,123,Royal Challengers Bangalore,M Chinnaswamy Stadium,Kolkata Knight Riders,3,20.0,1,2012,
10,2,111,Delhi Daredevils,Feroz Shah Kotla,Delhi Daredevils,2,51.0,1,2012,1.0
11,10,170,Rajasthan Royals,Wankhede Stadium,Mumbai Indians,2,48.0,1,2012,
12,5,208,Chennai Super Kings,"MA Chidambaram Stadium, Chepauk",Chennai Super Kings,0,53.0,0,2012,1.0
13,3,116,Kings XI Punjab,"Punjab Cricket Association Stadium, Mohali",Kings XI Punjab,1,40.0,1,2012,1.0
14,5,137,Kolkata Knight Riders,Eden Gardens,Kolkata Knight Riders,1,36.0,0,2012,1.0
15,5,162,Delhi Daredevils,Feroz Shah Kotla,Delhi Daredevils,3,35.0,0,2012,1.0
16,3,156,Pune Warriors,Subrata Roy Sahara Stadium,Pune Warriors,1,57.0,0,2012,1.0
17,7,132,Kolkata Knight Riders,Eden Gardens,Kings XI Punjab,2,49.0,1,2012,
18,10,136,Royal Challengers Bangalore,M Chinnaswamy Stadium,Rajasthan Royals,2,55.0,0,2012,
19,3,93,Delhi Daredevils,Wankhede Stadium,Delhi Daredevils,1,42.0,1,2012,1.0
20,5,197,Rajasthan Royals,Sawai Mansingh Stadium,Rajasthan Royals,1,63.0,0,2012,1.0
21,4,186,Royal Challengers Bangalore,M Chinnaswamy Stadium,Royal Challengers Bangalore,2,42.0,0,2012,1.0
22,2,127,Kolkata Knight Riders,"Punjab Cricket Association Stadium, Mohali",Kolkata Knight Riders,1,53.0,0,2012,1.0
23,1,193,Delhi Daredevils,"Rajiv Gandhi International Stadium, Uppal",Delhi Daredevils,1,68.0,0,2012,1.0
24,7,151,Pune Warriors,"MA Chidambaram Stadium, Chepauk",Chennai Super Kings,2,53.0,1,2012,
25,5,166,Royal Challengers Bangalore,"Punjab Cricket Association Stadium, Mohali",Royal Challengers Bangalore,3,37.0,1,2012,1.0
26,3,147,Chennai Super Kings,"MA Chidambaram Stadium, Chepauk",Chennai Super Kings,0,45.0,0,2012,1.0
27,7,172,Delhi Daredevils,Feroz Shah Kotla,Pune Warriors,1,49.0,1,2012,
28,4,164,Kings XI Punjab,Wankhede Stadium,Kings XI Punjab,0,48.0,0,2012,1.0
29,5,127,Kolkata Knight Riders,Barabati Stadium,Kolkata Knight Riders,1,42.0,1,2012,1.0
30,7,143,Rajasthan Royals,Sawai Mansingh Stadium,Royal Challengers Bangalore,0,50.0,1,2012,
31,2,148,Delhi Daredevils,Subrata Roy Sahara Stadium,Delhi Daredevils,1,65.0,0,2012,1.0
32,6,171,Mumbai Indians,"Punjab Cricket Association Stadium, Mohali",Mumbai Indians,0,41.0,0,2012,1.0
33,7,159,Pune Warriors,Subrata Roy Sahara Stadium,Deccan Chargers,2,44.0,0,2012,
34,9,170,Mumbai Indians,Feroz Shah Kotla,Delhi Daredevils,3,49.0,1,2012,
35,8,149,Chennai Super Kings,"MA Chidambaram Stadium, Chepauk",Kings XI Punjab,1,49.0,0,2012,
36,6,143,Royal Challengers Bangalore,Eden Gardens,Kolkata Knight Riders,3,36.0,0,2012,
37,3,151,Rajasthan Royals,Feroz Shah Kotla,Delhi Daredevils,0,40.0,0,2012,
38,5,101,Mumbai Indians,Wankhede Stadium,Mumbai Indians,2,32.0,1,2012,1.0
39,5,140,Kolkata Knight Riders,"MA Chidambaram Stadium, Chepauk",Kolkata Knight Riders,1,38.0,0,2012,1.0
40,5,173,Pune Warriors,Barabati Stadium,Deccan Chargers,1,49.0,0,2012,
41,4,144,Delhi Daredevils,Sawai Mansingh Stadium,Delhi Daredevils,1,62.0,0,2012,1.0
42,6,163,Kings XI Punjab,M Chinnaswamy Stadium,Kings XI Punjab,1,54.0,1,2012,1.0
43,6,119,Pune Warriors,Subrata Roy Sahara Stadium,Mumbai Indians,1,37.0,0,2012,
44,5,150,Deccan Chargers,"MA Chidambaram Stadium, Chepauk",Chennai Super Kings,1,48.0,0,2012,
45,8,143,Pune Warriors,Eden Gardens,Kolkata Knight Riders,2,46.0,0,2012,
46,8,134,Kings XI Punjab,"Punjab Cricket Association Stadium, Mohali",Rajasthan Royals,2,33.0,0,2012,
47,8,174,Mumbai Indians,Wankhede Stadium,Mumbai Indians,1,50.0,1,2012,1.0
48,5,185,Royal Challengers Bangalore,M Chinnaswamy Stadium,Royal Challengers Bangalore,0,46.0,1,2012,1.0
49,4,154,Kolkata Knight Riders,Feroz Shah Kotla,Kolkata Knight Riders,0,61.0,0,2012,1.0
50,3,126,Rajasthan Royals,Subrata Roy Sahara Stadium,Rajasthan Royals,2,49.0,0,2012,1.0
51,8,145,Deccan Chargers,"Rajiv Gandhi International Stadium, Uppal",Kings XI Punjab,2,46.0,1,2012,
52,1,142,Royal Challengers Bangalore,Wankhede Stadium,Royal Challengers Bangalore,0,35.0,1,2012,1.0
53,6,127,Chennai Super Kings,Sawai Mansingh Stadium,Chennai Super Kings,2,37.0,1,2012,1.0
54,9,138,Pune Warriors,Subrata Roy Sahara Stadium,Royal Challengers Bangalore,3,50.0,1,2012,
55,4,155,Kolkata Knight Riders,Eden Gardens,Mumbai Indians,2,32.0,0,2012,
56,1,115,Chennai Super Kings,"MA Chidambaram Stadium, Chepauk",Chennai Super Kings,0,46.0,1,2012,1.0
57,9,125,Pune Warriors,Sawai Mansingh Stadium,Rajasthan Royals,4,35.0,0,2012,
58,6,194,Kings XI Punjab,"Punjab Cricket Association Stadium, Mohali",Kings XI Punjab,2,45.0,0,2012,1.0
59,5,173,Mumbai Indians,M Chinnaswamy Stadium,Mumbai Indians,3,32.0,1,2012,1.0
60,5,160,Chennai Super Kings,Eden Gardens,Chennai Super Kings,0,51.0,1,2012,1.0
61,5,140,Delhi Daredevils,Feroz Shah Kotla,Delhi Daredevils,4,37.0,0,2012,1.0
62,10,108,Mumbai Indians,Wankhede Stadium,Kolkata Knight Riders,1,26.0,1,2012,
63,4,123,Kings XI Punjab,Himachal Pradesh Cricket Association Stadium,Kings XI Punjab,0,43.0,1,2012,1.0
64,9,194,Delhi Daredevils,Feroz Shah Kotla,Royal Challengers Bangalore,2,51.0,1,2012,
65,5,128,Deccan Chargers,"Rajiv Gandhi International Stadium, Uppal",Deccan Chargers,0,59.0,0,2012,1.0
66,4,145,Delhi Daredevils,Himachal Pradesh Cricket Association Stadium,Delhi Daredevils,0,50.0,1,2012,1.0
67,8,102,Pune Warriors,Subrata Roy Sahara Stadium,Kolkata Knight Riders,1,42.0,0,2012,
68,9,123,Royal Challengers Bangalore,"Rajiv Gandhi International Stadium, Uppal",Deccan Chargers,2,41.0,1,2012,
69,0,163,Mumbai Indians,Sawai Mansingh Stadium,Mumbai Indians,0,45.0,0,2012,1.0
70,8,144,Delhi Daredevils,Subrata Roy Sahara Stadium,Kolkata Knight Riders,2,50.0,0,2012,
71,9,149,Mumbai Indians,M Chinnaswamy Stadium,Chennai Super Kings,1,55.0,1,2012,
72,10,136,Delhi Daredevils,"MA Chidambaram Stadium, Chepauk",Chennai Super Kings,2,47.0,1,2012,
73,5,192,Kolkata Knight Riders,"MA Chidambaram Stadium, Chepauk",Kolkata Knight Riders,1,56.0,0,2012,1.0
0,4,129,Kolkata Knight Riders,Eden Gardens,Kolkata Knight Riders,1,47.0,1,2013,1.0
1,5,154,Mumbai Indians,M Chinnaswamy Stadium,Royal Challengers Bangalore,0,39.0,1,2013,
2,10,104,Pune Warriors,"Rajiv Gandhi International Stadium, Uppal",Sunrisers Hyderabad,0,28.0,1,2013,
3,6,160,Delhi Daredevils,Feroz Shah Kotla,Rajasthan Royals,1,39.0,0,2013,
4,9,139,Chennai Super Kings,"MA Chidambaram Stadium, Chepauk",Mumbai Indians,2,37.0,0,2013,
5,2,100,Kings XI Punjab,Subrata Roy Sahara Stadium,Kings XI Punjab,2,57.0,0,2013,1.0
6,7,130,Sunrisers Hyderabad,"Rajiv Gandhi International Stadium, Uppal",NA,2,38.0,0,2013,
7,10,125,Kolkata Knight Riders,Sawai Mansingh Stadium,Rajasthan Royals,2,40.0,1,2013,
8,9,165,Delhi Daredevils,Wankhede Stadium,Mumbai Indians,2,48.0,0,2013,
9,0,139,Chennai Super Kings,"Punjab Cricket Association Stadium, Mohali",Chennai Super Kings,0,38.0,1,2013,1.0
10,2,158,Royal Challengers Bangalore,M Chinnaswamy Stadium,Royal Challengers Bangalore,0,43.0,1,2013,1.0
11,3,148,Pune Warriors,Subrata Roy Sahara Stadium,Pune Warriors,1,65.0,0,2013,1.0
12,7,115,Sunrisers Hyderabad,Feroz Shah Kotla,Sunrisers Hyderabad,1,38.0,0,2013,1.0
13,8,142,Pune Warriors,Wankhede Stadium,Mumbai Indians,4,40.0,0,2013,
14,6,166,Chennai Super Kings,"MA Chidambaram Stadium, Chepauk",Chennai Super Kings,2,31.0,1,2013,1.0
15,7,132,Sunrisers Hyderabad,Eden Gardens,Kolkata Knight Riders,0,40.0,0,2013,
16,4,126,Rajasthan Royals,Sawai Mansingh Stadium,Rajasthan Royals,1,48.0,1,2013,1.0
17,8,135,Chennai Super Kings,"MA Chidambaram Stadium, Chepauk",Pune Warriors,2,40.0,0,2013,
18,9,153,Kolkata Knight Riders,"Punjab Cricket Association Stadium, Mohali",Kings XI Punjab,2,45.0,1,2013,
19,7,152,Royal Challengers Bangalore,M Chinnaswamy Stadium,NA,2,49.0,1,2013,
20,10,108,Pune Warriors,Subrata Roy Sahara Stadium,Sunrisers Hyderabad,2,43.0,1,2013,
21,10,92,Mumbai Indians,Sawai Mansingh Stadium,Rajasthan Royals,2,26.0,0,2013,
22,10,83,Delhi Daredevils,Feroz Shah Kotla,Chennai Super Kings,4,32.0,0,2013,
23,5,127,Sunrisers Hyderabad,"Rajiv Gandhi International Stadium, Uppal",Sunrisers Hyderabad,1,34.0,0,2013,1.0
24,6,124,Chennai Super Kings,Eden Gardens,Chennai Super Kings,1,27.0,0,2013,1.0
25,3,123,Royal Challengers Bangalore,M Chinnaswamy Stadium,Royal Challengers Bangalore,0,52.0,1,2013,1.0
26,1,165,Delhi Daredevils,Feroz Shah Kotla,Delhi Daredevils,0,61.0,0,2013,1.0
27,3,186,Kings XI Punjab,"Punjab Cricket Association Stadium, Mohali",Kings XI Punjab,2,55.0,1,2013,1.0
28,5,186,Chennai Super Kings,"MA Chidambaram Stadium, Chepauk",Chennai Super Kings,1,59.0,0,2013,1.0
29,9,133,Pune Warriors,M Chinnaswamy Stadium,Royal Challengers Bangalore,4,43.0,1,2013,
30,7,164,Delhi Daredevils,Himachal Pradesh Cricket Association Stadium,Kings XI Punjab,3,25.0,1,2013,
31,5,162,Mumbai Indians,Eden Gardens,Mumbai Indians,1,48.0,0,2013,1.0
32,5,160,Chennai Super Kings,"MA Chidambaram Stadium, Chepauk",Chennai Super Kings,0,58.0,0,2013,1.0
33,4,150,Kolkata Knight Riders,Eden Gardens,Kolkata Knight Riders,2,49.0,0,2013,1.0
34,2,146,Rajasthan Royals,Sawai Mansingh Stadium,Rajasthan Royals,1,34.0,0,2013,1.0
35,7,136,Royal Challengers Bangalore,Wankhede Stadium,Mumbai Indians,1,35.0,0,2013,
36,4,186,Kolkata Knight Riders,"MA Chidambaram Stadium, Chepauk",Chennai Super Kings,2,64.0,1,2013,
37,4,149,Pune Warriors,Shaheed Veer Narayan Singh International Stadium,Delhi Daredevils,0,44.0,1,2013,
38,6,173,Rajasthan Royals,Sawai Mansingh Stadium,Rajasthan Royals,1,46.0,1,2013,1.0
39,10,170,Kings XI Punjab,Wankhede Stadium,Mumbai Indians,2,55.0,0,2013,
40,9,127,Pune Warriors,Subrata Roy Sahara Stadium,Chennai Super Kings,4,47.0,0,2013,
41,3,130,Sunrisers Hyderabad,"Rajiv Gandhi International Stadium, Uppal",Sunrisers Hyderabad,1,37.0,0,2013,1.0
42,3,137,Delhi Daredevils,Shaheed Veer Narayan Singh International Stadium,Delhi Daredevils,2,34.0,0,2013,1.0
43,6,171,Kings XI Punjab,"MA Chidambaram Stadium, Chepauk",Chennai Super Kings,2,37.0,0,2013,
44,9,170,Pune Warriors,Subrata Roy Sahara Stadium,Royal Challengers Bangalore,1,40.0,0,2013,
45,2,133,Kolkata Knight Riders,Eden Gardens,Kolkata Knight Riders,1,48.0,0,2013,1.0
46,4,81,Sunrisers Hyderabad,"Rajiv Gandhi International Stadium, Uppal",Sunrisers Hyderabad,2,41.0,0,2013,1.0
47,3,176,Kings XI Punjab,M Chinnaswamy Stadium,Kings XI Punjab,1,47.0,1,2013,1.0
48,10,79,Chennai Super Kings,Wankhede Stadium,Mumbai Indians,4,32.0,0,2013,
49,5,182,Rajasthan Royals,Sawai Mansingh Stadium,Rajasthan Royals,0,57.0,0,2013,1.0
50,3,162,Royal Challengers Bangalore,M Chinnaswamy Stadium,Royal Challengers Bangalore,1,47.0,0,2013,1.0
51,1,155,Rajasthan Royals,Sawai Mansingh Stadium,Rajasthan Royals,0,50.0,0,2013,1.0
52,10,105,Kolkata Knight Riders,Wankhede Stadium,Mumbai Indians,1,38.0,0,2013,
53,8,146,Sunrisers Hyderabad,"Rajiv Gandhi International Stadium, Uppal",Chennai Super Kings,2,50.0,1,2013,
54,2,147,Rajasthan Royals,"Punjab Cricket Association Stadium, Mohali",Rajasthan Royals,1,44.0,1,2013,1.0
55,10,106,Pune Warriors,Subrata Roy Sahara Stadium,Kolkata Knight Riders,2,35.0,0,2013,
56,7,179,Delhi Daredevils,Feroz Shah Kotla,Royal Challengers Bangalore,2,49.0,1,2013,
57,5,116,Mumbai Indians,Subrata Roy Sahara Stadium,Mumbai Indians,2,37.0,0,2013,1.0
58,9,120,Kings XI Punjab,"Punjab Cricket Association Stadium, Mohali",Sunrisers Hyderabad,1,41.0,1,2013,
59,5,116,Kolkata Knight Riders,JSCA International Stadium Complex,Kolkata Knight Riders,2,33.0,1,2013,1.0
60,5,144,Rajasthan Royals,Sawai Mansingh Stadium,Rajasthan Royals,3,24.0,1,2013,1.0
61,5,121,Kings XI Punjab,Feroz Shah Kotla,Kings XI Punjab,3,56.0,1,2013,1.0
62,4,184,Mumbai Indians,Wankhede Stadium,Mumbai Indians,1,43.0,0,2013,1.0
63,7,163,Kolkata Knight Riders,JSCA International Stadium Complex,Pune Warriors,3,37.0,1,2013,
64,9,135,Delhi Daredevils,"MA Chidambaram Stadium, Chepauk",Chennai Super Kings,2,49.0,0,2013,
65,7,152,Rajasthan Royals,Wankhede Stadium,Mumbai Indians,4,29.0,1,2013,
66,4,194,Kings XI Punjab,"Punjab Cricket Association Stadium, Mohali",Kings XI Punjab,2,41.0,1,2013,1.0
67,9,113,Rajasthan Royals,"Rajiv Gandhi International Stadium, Uppal",Sunrisers Hyderabad,0,33.0,0,2013,
68,9,133,Mumbai Indians,Himachal Pradesh Cricket Association Stadium,Kings XI Punjab,2,51.0,1,2013,
69,9,134,Delhi Daredevils,Subrata Roy Sahara Stadium,Pune Warriors,2,48.0,0,2013,
70,6,82,Chennai Super Kings,M Chinnaswamy Stadium,Royal Challengers Bangalore,3,56.0,1,2013,
71,5,132,Sunrisers Hyderabad,"Rajiv Gandhi International Stadium, Uppal",Sunrisers Hyderabad,0,46.0,0,2013,1.0
72,10,144,Mumbai Indians,Feroz Shah Kotla,Chennai Super Kings,1,57.0,0,2013,
73,6,135,Rajasthan Royals,Feroz Shah Kotla,Rajasthan Royals,1,45.0,0,2013,1.0
74,6,169,Mumbai Indians,Eden Gardens,Mumbai Indians,0,45.0,0,2013,1.0
75,9,125,Chennai Super Kings,Eden Gardens,Mumbai Indians,4,35.0,0,2013,
0,7,122,Mumbai Indians,Sheikh Zayed Stadium,Kolkata Knight Riders,1,33.0,0,2014,
1,2,146,Royal Challengers Bangalore,Sharjah Cricket Stadium,Royal Challengers Bangalore,1,50.0,1,2014,1.0
2,4,206,Kings XI Punjab,Sheikh Zayed Stadium,Kings XI Punjab,3,66.0,0,2014,1.0
3,6,135,Rajasthan Royals,Sheikh Zayed Stadium,Rajasthan Royals,2,31.0,1,2014,1.0
4,3,116,Royal Challengers Bangalore,Dubai International Cricket Stadium,Royal Challengers Bangalore,3,32.0,1,2014,1.0
5,6,167,Delhi Daredevils,Dubai International Cricket Stadium,Delhi Daredevils,2,53.0,0,2014,1.0
6,3,193,Kings XI Punjab,Sharjah Cricket Stadium,Kings XI Punjab,2,45.0,1,2014,1.0
7,9,84,Delhi Daredevils,Sheikh Zayed Stadium,Chennai Super Kings,3,24.0,0,2014,
8,10,121,Sunrisers Hyderabad,Sharjah Cricket Stadium,Kings XI Punjab,3,46.0,1,2014,
9,10,133,Rajasthan Royals,Dubai International Cricket Stadium,Chennai Super Kings,2,38.0,1,2014,
10,5,148,Royal Challengers Bangalore,Sharjah Cricket Stadium,Kolkata Knight Riders,0,53.0,1,2014,
11,4,180,Delhi Daredevils,Dubai International Cricket Stadium,Sunrisers Hyderabad,0,48.0,0,2014,
12,3,142,Chennai Super Kings,Dubai International Cricket Stadium,Chennai Super Kings,0,57.0,0,2014,1.0
13,4,71,Rajasthan Royals,Sheikh Zayed Stadium,Rajasthan Royals,2,36.0,1,2014,1.0
14,10,109,Kolkata Knight Riders,Sheikh Zayed Stadium,Kings XI Punjab,3,25.0,1,2014,
15,4,126,Delhi Daredevils,Sharjah Cricket Stadium,Delhi Daredevils,0,31.0,0,2014,1.0
16,5,146,Chennai Super Kings,Sharjah Cricket Stadium,Chennai Super Kings,0,48.0,0,2014,1.0
17,5,127,Kings XI Punjab,Dubai International Cricket Stadium,Kings XI Punjab,2,35.0,1,2014,1.0
18,8,152,Kolkata Knight Riders,Sheikh Zayed Stadium,NA,1,33.0,0,2014,
19,7,157,Mumbai Indians,Dubai International Cricket Stadium,Sunrisers Hyderabad,3,33.0,1,2014,
20,9,114,Kolkata Knight Riders,JSCA International Stadium Complex,Chennai Super Kings,4,39.0,0,2014,
21,5,170,Mumbai Indians,Wankhede Stadium,Mumbai Indians,2,53.0,0,2014,1.0
22,3,156,Rajasthan Royals,Feroz Shah Kotla,Rajasthan Royals,1,40.0,1,2014,1.0
23,6,158,Royal Challengers Bangalore,M Chinnaswamy Stadium,Royal Challengers Bangalore,2,36.0,1,2014,1.0
24,6,160,Kolkata Knight Riders,"Sardar Patel Stadium, Motera",Rajasthan Royals,0,51.0,1,2014,
25,2,181,Chennai Super Kings,Feroz Shah Kotla,Chennai Super Kings,0,49.0,1,2014,1.0
26,8,168,Royal Challengers Bangalore,Wankhede Stadium,Mumbai Indians,1,64.0,1,2014,
27,2,161,Kolkata Knight Riders,Feroz Shah Kotla,Kolkata Knight Riders,0,53.0,0,2014,1.0
28,6,187,Chennai Super Kings,Barabati Stadium,Kings XI Punjab,1,47.0,1,2014,
29,10,102,Rajasthan Royals,"Sardar Patel Stadium, Motera",Sunrisers Hyderabad,3,41.0,1,2014,
30,9,166,Royal Challengers Bangalore,M Chinnaswamy Stadium,Kings XI Punjab,3,35.0,1,2014,
31,2,44,Sunrisers Hyderabad,Feroz Shah Kotla,Sunrisers Hyderabad,2,,1,2014,1.0
32,6,160,Chennai Super Kings,Wankhede Stadium,Chennai Super Kings,1,38.0,1,2014,1.0
33,1,150,Kolkata Knight Riders,Barabati Stadium,Kolkata Knight Riders,0,57.0,1,2014,1.0
34,5,191,Rajasthan Royals,M Chinnaswamy Stadium,Rajasthan Royals,0,46.0,0,2014,1.0
35,3,160,Mumbai Indians,"Rajiv Gandhi International Stadium, Uppal",Mumbai Indians,1,39.0,0,2014,1.0
36,5,149,Chennai Super Kings,JSCA International Stadium Complex,Chennai Super Kings,2,48.0,0,2014,1.0
37,7,170,Delhi Daredevils,M Chinnaswamy Stadium,Royal Challengers Bangalore,2,46.0,1,2014,
38,4,211,Kings XI Punjab,"Rajiv Gandhi International Stadium, Uppal",Kings XI Punjab,1,87.0,1,2014,1.0
39,4,142,Kolkata Knight Riders,Barabati Stadium,Kolkata Knight Riders,0,46.0,1,2014,1.0
40,9,139,Delhi Daredevils,"Sardar Patel Stadium, Motera",Rajasthan Royals,2,35.0,1,2014,
41,5,142,Royal Challengers Bangalore,JSCA International Stadium Complex,Royal Challengers Bangalore,1,18.0,0,2014,1.0
42,3,146,Kolkata Knight Riders,"Rajiv Gandhi International Stadium, Uppal",Kolkata Knight Riders,1,30.0,0,2014,1.0
43,8,153,Rajasthan Royals,"Sardar Patel Stadium, Motera",Mumbai Indians,3,47.0,0,2014,
44,6,165,Kings XI Punjab,Feroz Shah Kotla,Kings XI Punjab,0,67.0,1,2014,1.0
45,3,161,Sunrisers Hyderabad,"Rajiv Gandhi International Stadium, Uppal",Sunrisers Hyderabad,0,53.0,0,2014,1.0
46,2,156,Kolkata Knight Riders,Eden Gardens,Kolkata Knight Riders,0,56.0,1,2014,1.0
47,3,159,Mumbai Indians,"Punjab Cricket Association Stadium, Mohali",Mumbai Indians,0,63.0,1,2014,1.0
48,5,165,Royal Challengers Bangalore,Eden Gardens,Kolkata Knight Riders,1,37.0,1,2014,
49,4,189,Sunrisers Hyderabad,JSCA International Stadium Complex,Sunrisers Hyderabad,0,65.0,1,2014,1.0
50,4,158,Delhi Daredevils,Wankhede Stadium,Mumbai Indians,1,49.0,1,2014,
51,8,163,Rajasthan Royals,"Punjab Cricket Association Stadium, Mohali",Kings XI Punjab,1,45.0,1,2014,
52,2,160,Chennai Super Kings,M Chinnaswamy Stadium,Chennai Super Kings,1,65.0,1,2014,1.0
53,6,161,Kolkata Knight Riders,Eden Gardens,Kolkata Knight Riders,1,51.0,1,2014,1.0
54,3,119,Kings XI Punjab,"Punjab Cricket Association Stadium, Mohali",Kings XI Punjab,2,48.0,1,2014,1.0
55,5,195,Mumbai Indians,Wankhede Stadium,Mumbai Indians,3,72.0,1,2014,1.0
56,8,135,Kings XI Punjab,Eden Gardens,Kolkata Knight Riders,2,47.0,1,2014,
57,3,176,Chennai Super Kings,Brabourne Stadium,Chennai Super Kings,0,60.0,1,2014,1.0
58,7,202,Chennai Super Kings,Wankhede Stadium,Kings XI Punjab,2,100.0,1,2014,
59,7,200,Kolkata Knight Riders,M Chinnaswamy Stadium,Kolkata Knight Riders,1,59.0,1,2014,1.0
0,3,170,Kolkata Knight Riders,Eden Gardens,Kolkata Knight Riders,1,38.0,1,2015,1.0
1,9,149,Delhi Daredevils,"MA Chidambaram Stadium, Chepauk",Chennai Super Kings,3,44.0,1,2015,
2,8,136,Kings XI Punjab,Maharashtra Cricket Association Stadium,Rajasthan Royals,3,51.0,1,2015,
3,6,164,Sunrisers Hyderabad,"MA Chidambaram Stadium, Chepauk",Chennai Super Kings,2,52.0,0,2015,
4,7,179,Royal Challengers Bangalore,Eden Gardens,Royal Challengers Bangalore,1,41.0,1,2015,1.0
5,7,186,Rajasthan Royals,Feroz Shah Kotla,Rajasthan Royals,1,42.0,1,2015,1.0
6,7,159,Mumbai Indians,Wankhede Stadium,Kings XI Punjab,3,18.0,1,2015,
7,2,172,Sunrisers Hyderabad,M Chinnaswamy Stadium,Sunrisers Hyderabad,0,66.0,1,2015,1.0
8,3,165,Rajasthan Royals,"Sardar Patel Stadium, Motera",Rajasthan Royals,1,43.0,0,2015,1.0
9,3,169,Kolkata Knight Riders,Eden Gardens,Kolkata Knight Riders,1,39.0,1,2015,1.0
10,5,169,Delhi Daredevils,Maharashtra Cricket Association Stadium,Delhi Daredevils,1,47.0,0,2015,1.0
11,4,131,Rajasthan Royals,Dr. Y.S. Rajasekhara Reddy ACA-VDCA Cricket Stadium,Rajasthan Royals,0,37.0,1,2015,1.0
12,4,189,Chennai Super Kings,Wankhede Stadium,Chennai Super Kings,0,90.0,0,2015,1.0
13,8,163,Sunrisers Hyderabad,Dr. Y.S. Rajasekhara Reddy ACA-VDCA Cricket Stadium,Delhi Daredevils,0,50.0,0,2015,
14,6,159,Kolkata Knight Riders,Maharashtra Cricket Association Stadium,Kolkata Knight Riders,2,54.0,1,2015,1.0
15,2,157,Rajasthan Royals,"Sardar Patel Stadium, Motera",Rajasthan Royals,0,47.0,0,2015,1.0
16,7,191,Royal Challengers Bangalore,M Chinnaswamy Stadium,Mumbai Indians,1,34.0,1,2015,
17,4,147,Kolkata Knight Riders,Feroz Shah Kotla,Kolkata Knight Riders,2,49.0,1,2015,1.0
18,6,191,Kings XI Punjab,"Sardar Patel Stadium, Motera",NA,1,42.0,1,2015,
19,4,101,Kolkata Knight Riders,Dr. Y.S. Rajasekhara Reddy ACA-VDCA Cricket Stadium,Sunrisers Hyderabad,2,50.0,1,2015,
20,8,154,Royal Challengers Bangalore,M Chinnaswamy Stadium,Chennai Super Kings,2,38.0,1,2015,
21,9,153,Mumbai Indians,Feroz Shah Kotla,Delhi Daredevils,2,49.0,1,2015,
22,1,134,Royal Challengers Bangalore,"Sardar Patel Stadium, Motera",Royal Challengers Bangalore,1,50.0,1,2015,1.0
23,8,137,Sunrisers Hyderabad,Wankhede Stadium,Mumbai Indians,2,52.0,0,2015,
24,9,95,Kings XI Punjab,"MA Chidambaram Stadium, Chepauk",Chennai Super Kings,2,39.0,0,2015,
25,0,99,Royal Challengers Bangalore,Feroz Shah Kotla,Royal Challengers Bangalore,0,50.0,1,2015,1.0
26,9,130,Kings XI Punjab,"Punjab Cricket Association Stadium, Mohali",Sunrisers Hyderabad,2,37.0,1,2015,
27,6,158,Delhi Daredevils,Eden Gardens,Kolkata Knight Riders,0,36.0,0,2015,
28,9,132,Kolkata Knight Riders,"MA Chidambaram Stadium, Chepauk",Chennai Super Kings,2,55.0,1,2015,
29,1,119,Delhi Daredevils,Feroz Shah Kotla,Delhi Daredevils,0,42.0,1,2015,1.0
30,7,179,Rajasthan Royals,Wankhede Stadium,Mumbai Indians,1,58.0,1,2015,
31,3,115,Royal Challengers Bangalore,M Chinnaswamy Stadium,Royal Challengers Bangalore,2,63.0,1,2015,1.0
32,6,170,Chennai Super Kings,"Rajiv Gandhi International Stadium, Uppal",Sunrisers Hyderabad,2,55.0,1,2015,
33,7,149,Kings XI Punjab,"Punjab Cricket Association Stadium, Mohali",Mumbai Indians,2,46.0,0,2015,
34,7,175,Delhi Daredevils,Brabourne Stadium,Rajasthan Royals,2,55.0,1,2015,
35,10,124,Royal Challengers Bangalore,"MA Chidambaram Stadium, Chepauk",Chennai Super Kings,3,43.0,0,2015,
36,9,132,Sunrisers Hyderabad,Eden Gardens,Kolkata Knight Riders,3,34.0,1,2015,
37,5,153,Mumbai Indians,Wankhede Stadium,Mumbai Indians,4,41.0,0,2015,1.0
38,10,88,Kings XI Punjab,M Chinnaswamy Stadium,Royal Challengers Bangalore,5,34.0,1,2015,
39,7,194,Rajasthan Royals,Brabourne Stadium,Sunrisers Hyderabad,2,37.0,1,2015,
40,4,159,Mumbai Indians,"MA Chidambaram Stadium, Chepauk",Mumbai Indians,0,61.0,0,2015,1.0
41,9,184,Kolkata Knight Riders,Eden Gardens,Kolkata Knight Riders,1,58.0,0,2015,1.0
42,4,157,Delhi Daredevils,Shaheed Veer Narayan Singh International Stadium,Sunrisers Hyderabad,1,49.0,0,2015,
43,7,196,Mumbai Indians,Wankhede Stadium,Royal Challengers Bangalore,1,46.0,0,2015,
44,9,145,Rajasthan Royals,"MA Chidambaram Stadium, Chepauk",Chennai Super Kings,1,41.0,0,2015,
45,7,180,Kings XI Punjab,"Rajiv Gandhi International Stadium, Uppal",Sunrisers Hyderabad,1,47.0,0,2015,
46,4,120,Delhi Daredevils,Shaheed Veer Narayan Singh International Stadium,Delhi Daredevils,2,32.0,0,2015,1.0
47,6,84,Royal Challengers Bangalore,"Punjab Cricket Association Stadium, Mohali",Kings XI Punjab,2,62.0,1,2015,
48,7,166,Kolkata Knight Riders,Wankhede Stadium,Mumbai Indians,2,51.0,1,2015,
49,4,83,Royal Challengers Bangalore,"Rajiv Gandhi International Stadium, Uppal",Royal Challengers Bangalore,4,83.0,0,2015,1.0
50,3,134,Chennai Super Kings,"Punjab Cricket Association Stadium, Mohali",Chennai Super Kings,2,49.0,0,2015,1.0
51,9,190,Kolkata Knight Riders,Brabourne Stadium,Rajasthan Royals,2,54.0,0,2015,
52,0,2,Royal Challengers Bangalore,M Chinnaswamy Stadium,NA,0,,1,2015,
53,1,114,Mumbai Indians,"Rajiv Gandhi International Stadium, Uppal",Mumbai Indians,0,38.0,0,2015,1.0
54,10,162,Chennai Super Kings,Wankhede Stadium,Mumbai Indians,2,55.0,0,2015,
55,10,109,Rajasthan Royals,Maharashtra Cricket Association Stadium,Royal Challengers Bangalore,2,42.0,0,2015,
56,7,140,Chennai Super Kings,JSCA International Stadium Complex,Chennai Super Kings,1,35.0,1,2015,1.0
57,8,161,Chennai Super Kings,Eden Gardens,Mumbai Indians,1,35.0,1,2015,
0,1,126,Rising Pune Supergiants,Wankhede Stadium,Rising Pune Supergiants,0,57.0,0,2016,1.0
1,1,99,Kolkata Knight Riders,Eden Gardens,Kolkata Knight Riders,0,47.0,1,2016,1.0
2,5,162,Gujarat Lions,"Punjab Cricket Association IS Bindra Stadium, Mohali",Gujarat Lions,2,57.0,1,2016,1.0
3,6,182,Sunrisers Hyderabad,M Chinnaswamy Stadium,Royal Challengers Bangalore,1,56.0,1,2016,
4,4,188,Mumbai Indians,Eden Gardens,Mumbai Indians,1,54.0,1,2016,1.0
5,3,164,Gujarat Lions,Saurashtra Cricket Association Stadium,Gujarat Lions,0,63.0,0,2016,1.0
6,2,113,Delhi Daredevils,Feroz Shah Kotla,Delhi Daredevils,1,29.0,1,2016,1.0
7,2,146,Kolkata Knight Riders,"Rajiv Gandhi International Stadium, Uppal",Kolkata Knight Riders,0,37.0,0,2016,1.0
8,7,147,Gujarat Lions,Wankhede Stadium,Gujarat Lions,1,42.0,1,2016,1.0
9,4,153,Kings XI Punjab,"Punjab Cricket Association IS Bindra Stadium, Mohali",Kings XI Punjab,0,51.0,0,2016,1.0
10,3,192,Delhi Daredevils,M Chinnaswamy Stadium,Delhi Daredevils,2,55.0,1,2016,1.0
11,3,145,Sunrisers Hyderabad,"Rajiv Gandhi International Stadium, Uppal",Sunrisers Hyderabad,1,34.0,1,2016,1.0
12,4,141,Kolkata Knight Riders,"Punjab Cricket Association IS Bindra Stadium, Mohali",Kolkata Knight Riders,0,66.0,1,2016,1.0
13,4,171,Mumbai Indians,Wankhede Stadium,Mumbai Indians,1,52.0,1,2016,1.0
14,0,137,Sunrisers Hyderabad,Saurashtra Cricket Association Stadium,Sunrisers Hyderabad,0,65.0,1,2016,1.0
15,9,172,Rising Pune Supergiants,Maharashtra Cricket Association Stadium,Royal Challengers Bangalore,3,37.0,1,2016,
16,7,154,Mumbai Indians,Feroz Shah Kotla,Delhi Daredevils,1,53.0,1,2016,
17,5,146,Sunrisers Hyderabad,"Rajiv Gandhi International Stadium, Uppal",Sunrisers Hyderabad,0,66.0,1,2016,1.0
18,4,182,Gujarat Lions,Saurashtra Cricket Association Stadium,Gujarat Lions,1,73.0,0,2016,1.0
19,8,162,Kolkata Knight Riders,Maharashtra Cricket Association Stadium,Kolkata Knight Riders,2,60.0,1,2016,1.0
20,7,164,Kings XI Punjab,"Punjab Cricket Association IS Bindra Stadium, Mohali",Mumbai Indians,2,40.0,1,2016,
21,3,94,Rising Pune Supergiants,"Rajiv Gandhi International Stadium, Uppal",Rising Pune Supergiants,1,47.0,1,2016,1.0
22,5,171,Delhi Daredevils,Feroz Shah Kotla,Gujarat Lions,3,23.0,1,2016,
23,4,178,Mumbai Indians,Wankhede Stadium,Mumbai Indians,1,65.0,1,2016,1.0
24,7,196,Gujarat Lions,Maharashtra Cricket Association Stadium,Gujarat Lions,0,78.0,1,2016,1.0
25,10,159,Kolkata Knight Riders,Feroz Shah Kotla,Delhi Daredevils,2,44.0,1,2016,
26,6,179,Royal Challengers Bangalore,"Rajiv Gandhi International Stadium, Uppal",Sunrisers Hyderabad,1,47.0,1,2016,
27,9,131,Gujarat Lions,Saurashtra Cricket Association Stadium,Kings XI Punjab,2,37.0,1,2016,
28,2,161,Mumbai Indians,Maharashtra Cricket Association Stadium,Mumbai Indians,1,48.0,1,2016,1.0
29,5,189,Kolkata Knight Riders,M Chinnaswamy Stadium,Kolkata Knight Riders,2,38.0,1,2016,1.0
30,2,150,Delhi Daredevils,Saurashtra Cricket Association Stadium,Delhi Daredevils,0,61.0,1,2016,1.0
31,9,157,Kings XI Punjab,Eden Gardens,Kolkata Knight Riders,3,37.0,1,2016,
32,3,166,Rising Pune Supergiants,Feroz Shah Kotla,Rising Pune Supergiants,0,51.0,1,2016,1.0
33,5,129,Sunrisers Hyderabad,"Rajiv Gandhi International Stadium, Uppal",Sunrisers Hyderabad,2,39.0,1,2016,1.0
34,3,195,Royal Challengers Bangalore,M Chinnaswamy Stadium,Royal Challengers Bangalore,0,47.0,1,2016,1.0
35,5,172,Delhi Daredevils,"Punjab Cricket Association IS Bindra Stadium, Mohali",Kings XI Punjab,0,52.0,1,2016,
36,10,92,Mumbai Indians,Dr. Y.S. Rajasekhara Reddy ACA-VDCA Cricket Stadium,Sunrisers Hyderabad,5,33.0,1,2016,
37,5,164,Gujarat Lions,Eden Gardens,Gujarat Lions,1,50.0,1,2016,1.0
38,4,174,Kings XI Punjab,"Punjab Cricket Association IS Bindra Stadium, Mohali",Royal Challengers Bangalore,1,54.0,1,2016,
39,8,133,Rising Pune Supergiants,Dr. Y.S. Rajasekhara Reddy ACA-VDCA Cricket Stadium,Sunrisers Hyderabad,2,25.0,0,2016,
40,4,153,Mumbai Indians,M Chinnaswamy Stadium,Mumbai Indians,1,40.0,1,2016,1.0
41,3,150,Delhi Daredevils,"Rajiv Gandhi International Stadium, Uppal",Delhi Daredevils,1,51.0,1,2016,1.0
42,3,127,Kings XI Punjab,Dr. Y.S. Rajasekhara Reddy ACA-VDCA Cricket Stadium,Kings XI Punjab,1,34.0,0,2016,1.0
43,10,104,Gujarat Lions,M Chinnaswamy Stadium,Royal Challengers Bangalore,2,42.0,1,2016,
44,2,66,Kolkata Knight Riders,Eden Gardens,Kolkata Knight Riders,2,,0,2016,1.0
45,3,180,Sunrisers Hyderabad,"Punjab Cricket Association IS Bindra Stadium, Mohali",Sunrisers Hyderabad,0,57.0,0,2016,1.0
46,10,126,Delhi Daredevils,Dr. Y.S. Rajasekhara Reddy ACA-VDCA Cricket Stadium,Mumbai Indians,2,50.0,1,2016,
47,1,186,Royal Challengers Bangalore,Eden Gardens,Royal Challengers Bangalore,0,64.0,1,2016,1.0
48,1,76,Rising Pune Supergiants,Dr. Y.S. Rajasekhara Reddy ACA-VDCA Cricket Stadium,Rising Pune Supergiants,1,44.0,1,2016,1.0
49,9,120,Kings XI Punjab,M Chinnaswamy Stadium,Royal Challengers Bangalore,4,65.0,1,2016,
50,4,125,Gujarat Lions,Green Park,Gujarat Lions,3,56.0,1,2016,1.0
51,4,161,Delhi Daredevils,Shaheed Veer Narayan Singh International Stadium,Delhi Daredevils,1,39.0,1,2016,1.0
52,6,173,Rising Pune Supergiants,Dr. Y.S. Rajasekhara Reddy ACA-VDCA Cricket Stadium,Rising Pune Supergiants,1,45.0,0,2016,1.0
53,4,173,Gujarat Lions,Green Park,Gujarat Lions,1,74.0,1,2016,1.0
54,8,149,Sunrisers Hyderabad,Eden Gardens,Kolkata Knight Riders,1,48.0,1,2016,
55,4,139,Royal Challengers Bangalore,Shaheed Veer Narayan Singh International Stadium,Royal Challengers Bangalore,2,50.0,1,2016,1.0
56,6,159,Royal Challengers Bangalore,M Chinnaswamy Stadium,Royal Challengers Bangalore,5,32.0,1,2016,1.0
57,8,140,Kolkata Knight Riders,Feroz Shah Kotla,Sunrisers Hyderabad,1,47.0,1,2016,
58,6,163,Sunrisers Hyderabad,Feroz Shah Kotla,Sunrisers Hyderabad,2,47.0,1,2016,1.0
59,7,200,Royal Challengers Bangalore,M Chinnaswamy Stadium,Sunrisers Hyderabad,0,65.0,0,2016,
0,10,172,Royal Challengers Bangalore,"Rajiv Gandhi International Stadium, Uppal",Sunrisers Hyderabad,1,54.0,1,2017,
1,3,187,Rising Pune Supergiant,Maharashtra Cricket Association Stadium,Rising Pune Supergiant,1,60.0,1,2017,1.0
2,0,184,Kolkata Knight Riders,Saurashtra Cricket Association Stadium,Kolkata Knight Riders,0,79.0,1,2017,1.0
3,4,164,Kings XI Punjab,Holkar Cricket Stadium,Kings XI Punjab,2,57.0,1,2017,1.0
4,9,142,Delhi Daredevils,M Chinnaswamy Stadium,Royal Challengers Bangalore,2,44.0,0,2017,
5,1,140,Sunrisers Hyderabad,"Rajiv Gandhi International Stadium, Uppal",Sunrisers Hyderabad,1,59.0,1,2017,1.0
6,6,180,Mumbai Indians,Wankhede Stadium,Mumbai Indians,0,51.0,1,2017,1.0
7,2,150,Kings XI Punjab,Holkar Cricket Stadium,Kings XI Punjab,1,64.0,0,2017,1.0
8,10,108,Rising Pune Supergiant,Maharashtra Cricket Association Stadium,Delhi Daredevils,3,50.0,1,2017,
9,6,159,Mumbai Indians,Wankhede Stadium,Mumbai Indians,2,61.0,1,2017,1.0
10,2,171,Kolkata Knight Riders,Eden Gardens,Kolkata Knight Riders,1,80.0,1,2017,1.0
11,6,145,Mumbai Indians,M Chinnaswamy Stadium,Mumbai Indians,4,27.0,1,2017,1.0
12,3,172,Gujarat Lions,Saurashtra Cricket Association Stadium,Gujarat Lions,0,63.0,1,2017,1.0
13,6,155,Sunrisers Hyderabad,Eden Gardens,Kolkata Knight Riders,0,45.0,1,2017,
14,9,137,Kings XI Punjab,Feroz Shah Kotla,Delhi Daredevils,3,41.0,0,2017,
15,4,177,Mumbai Indians,Wankhede Stadium,Mumbai Indians,1,57.0,1,2017,1.0
16,9,134,Royal Challengers Bangalore,M Chinnaswamy Stadium,Rising Pune Supergiant,2,44.0,1,2017,
17,6,169,Kolkata Knight Riders,Feroz Shah Kotla,Kolkata Knight Riders,3,50.0,0,2017,1.0
18,10,154,Kings XI Punjab,"Rajiv Gandhi International Stadium, Uppal",Sunrisers Hyderabad,2,52.0,1,2017,
19,7,192,Gujarat Lions,Saurashtra Cricket Association Stadium,Royal Challengers Bangalore,2,58.0,1,2017,
20,5,176,Delhi Daredevils,"Rajiv Gandhi International Stadium, Uppal",Sunrisers Hyderabad,1,58.0,0,2017,
21,2,199,Mumbai Indians,Holkar Cricket Stadium,Mumbai Indians,1,83.0,1,2017,1.0
22,6,188,Gujarat Lions,Eden Gardens,Gujarat Lions,1,73.0,1,2017,1.0
23,7,128,Delhi Daredevils,Wankhede Stadium,Mumbai Indians,5,24.0,1,2017,
24,4,179,Rising Pune Supergiant,Maharashtra Cricket Association Stadium,Rising Pune Supergiant,1,56.0,1,2017,1.0
25,7,162,Gujarat Lions,Saurashtra Cricket Association Stadium,Kings XI Punjab,2,51.0,1,2017,
26,10,49,Royal Challengers Bangalore,Eden Gardens,Kolkata Knight Riders,4,39.0,1,2017,
27,8,157,Mumbai Indians,Wankhede Stadium,Rising Pune Supergiant,1,44.0,1,2017,
28,3,184,Kolkata Knight Riders,Maharashtra Cricket Association Stadium,Kolkata Knight Riders,1,46.0,1,2017,1.0
29,3,135,Gujarat Lions,M Chinnaswamy Stadium,Gujarat Lions,2,49.0,1,2017,1.0
30,3,161,Kolkata Knight Riders,Eden Gardens,Kolkata Knight Riders,2,51.0,1,2017,1.0
31,9,181,Kings XI Punjab,"Punjab Cricket Association IS Bindra Stadium, Mohali",Sunrisers Hyderabad,3,63.0,1,2017,
32,9,96,Royal Challengers Bangalore,Maharashtra Cricket Association Stadium,Rising Pune Supergiant,2,39.0,1,2017,
33,10,153,Mumbai Indians,Saurashtra Cricket Association Stadium,NA,1,63.0,0,2017,
34,0,68,Kings XI Punjab,"Punjab Cricket Association IS Bindra Stadium, Mohali",Kings XI Punjab,0,56.0,1,2017,1.0
35,7,161,Kolkata Knight Riders,"Rajiv Gandhi International Stadium, Uppal",Sunrisers Hyderabad,2,50.0,1,2017,
36,6,165,Mumbai Indians,Wankhede Stadium,Mumbai Indians,1,55.0,0,2017,1.0
37,5,167,Rising Pune Supergiant,Maharashtra Cricket Association Stadium,Rising Pune Supergiant,4,45.0,1,2017,1.0
38,4,189,Delhi Daredevils,Feroz Shah Kotla,Delhi Daredevils,1,66.0,1,2017,1.0
39,6,158,Rising Pune Supergiant,Eden Gardens,Rising Pune Supergiant,2,74.0,1,2017,1.0
40,3,214,Delhi Daredevils,Feroz Shah Kotla,Delhi Daredevils,1,64.0,1,2017,1.0
41,10,119,Royal Challengers Bangalore,M Chinnaswamy Stadium,Kings XI Punjab,3,46.0,1,2017,
42,9,136,Sunrisers Hyderabad,"Rajiv Gandhi International Stadium, Uppal",Rising Pune Supergiant,2,47.0,1,2017,
43,10,66,Delhi Daredevils,Feroz Shah Kotla,Mumbai Indians,5,35.0,1,2017,
44,4,159,Kolkata Knight Riders,M Chinnaswamy Stadium,Kolkata Knight Riders,0,105.0,1,2017,1.0
45,4,192,Gujarat Lions,"Punjab Cricket Association IS Bindra Stadium, Mohali",Gujarat Lions,0,59.0,1,2017,1.0
46,3,140,Sunrisers Hyderabad,"Rajiv Gandhi International Stadium, Uppal",Sunrisers Hyderabad,0,43.0,0,2017,1.0
47,6,153,Kolkata Knight Riders,"Punjab Cricket Association IS Bindra Stadium, Mohali",Kings XI Punjab,1,62.0,1,2017,
48,8,197,Delhi Daredevils,Green Park,Delhi Daredevils,2,64.0,1,2017,1.0
49,6,223,Mumbai Indians,Wankhede Stadium,Kings XI Punjab,0,68.0,1,2017,
50,7,161,Rising Pune Supergiant,Feroz Shah Kotla,Delhi Daredevils,2,54.0,0,2017,
51,2,158,Sunrisers Hyderabad,Green Park,Sunrisers Hyderabad,2,48.0,1,2017,1.0
52,8,164,Kolkata Knight Riders,Eden Gardens,Mumbai Indians,3,53.0,1,2017,
53,1,78,Rising Pune Supergiant,Maharashtra Cricket Association Stadium,Rising Pune Supergiant,1,45.0,1,2017,1.0
54,10,151,Delhi Daredevils,Feroz Shah Kotla,Royal Challengers Bangalore,2,42.0,0,2017,
55,9,142,Mumbai Indians,Wankhede Stadium,Rising Pune Supergiant,3,42.0,1,2017,
56,3,48,Kolkata Knight Riders,M Chinnaswamy Stadium,Kolkata Knight Riders,3,48.0,1,2017,1.0
57,4,111,Mumbai Indians,M Chinnaswamy Stadium,Mumbai Indians,3,38.0,1,2017,1.0
58,6,128,Rising Pune Supergiant,"Rajiv Gandhi International Stadium, Uppal",Mumbai Indians,1,40.0,0,2017,
